k141_735085_length_10497_cov_9.4401_1	iMM904.YMR293C	39.9	218	112	6	5	208	4	216	2.7e-30	129.4
k141_735085_length_10497_cov_9.4401_1	iSynCJ816.SGL_RS07160	40.4	171	101	1	39	208	66	236	5.0e-29	125.2
k141_735085_length_10497_cov_9.4401_1	iYS854.USA300HOU_RS10320	36.4	198	123	2	15	209	44	241	7.3e-28	121.3
k141_735085_length_10497_cov_9.4401_1	iAF692.Mbar_A0883	38.2	170	104	1	40	208	61	230	1.4e-26	117.1
k141_735085_length_10497_cov_9.4401_3	iYS854.USA300HOU_RS06015	30.2	262	143	12	41	272	38	289	2.8e-16	83.2
k141_735085_length_10497_cov_9.4401_3	iCN900.CD630_25960	28.0	279	168	12	19	272	21	291	3.1e-15	79.7
k141_735085_length_10497_cov_9.4401_6	iHN637.CLJU_RS03245	30.7	228	126	4	35	240	17	234	1.8e-20	97.1
k141_735085_length_10497_cov_9.4401_7	iYS854.USA300HOU_RS11185	29.6	108	69	2	2	102	5	112	1.6e-04	42.7
k141_2444943_length_9199_cov_7.9281_6	iAF692.Mbar_A0086	42.9	210	114	5	11	219	2	206	1.7e-40	163.3
k141_2444943_length_9199_cov_7.9281_6	iLJ478.TM1479	39.8	216	124	5	12	225	5	216	3.9e-40	162.2
k141_2444943_length_9199_cov_7.9281_6	iNF517.LLMG_RS11835	37.0	216	133	2	11	225	2	215	9.6e-39	157.5
k141_2444943_length_9199_cov_7.9281_6	iYS854.USA300HOU_RS12070	37.6	210	126	3	11	219	2	207	1.6e-38	156.8
k141_2444943_length_9199_cov_7.9281_6	iHN637.CLJU_RS20110	39.3	214	125	4	12	224	3	212	2.8e-38	156.0
k141_2444943_length_9199_cov_7.9281_6	iYO844.BSU01370	38.9	216	127	3	11	225	2	213	8.1e-38	154.5
k141_2444943_length_9199_cov_7.9281_6	iCN900.CD630_00910	38.6	215	127	4	12	225	3	213	5.3e-37	151.8
k141_2444943_length_9199_cov_7.9281_7	iSynCJ816.SGL_RS14930	37.4	238	143	3	4	237	31	266	7.6e-45	177.9
k141_1087895_length_8844_cov_8.0000_2	iNF517.LLMG_RS01630	24.3	251	170	6	34	277	28	265	8.7e-04	42.7
k141_1087895_length_8844_cov_8.0000_7	iNF517.LLMG_RS02790	38.7	186	94	4	17	186	30	211	4.3e-29	125.2
k141_2272068_length_8097_cov_8.9708_3	iIT341.HP0215	36.4	140	67	5	162	295	128	251	1.4e-13	74.3
k141_2272068_length_8097_cov_8.9708_3	iJN1463.PP_1596	34.3	137	80	3	159	294	136	263	2.0e-12	70.5
k141_2272068_length_8097_cov_8.9708_3	iPC815.YPO1050	36.7	128	68	4	172	297	165	281	7.7e-12	68.6
k141_2272068_length_8097_cov_8.9708_5	iYS854.USA300HOU_RS06340	44.5	236	129	2	2	237	6	239	6.7e-54	208.0
k141_2272068_length_8097_cov_8.9708_5	iYO844.BSU16510	46.0	235	117	3	2	236	5	229	1.1e-53	207.2
k141_2272068_length_8097_cov_8.9708_5	iCN900.CD630_21380	46.8	233	119	4	3	235	6	233	3.3e-53	205.7
k141_2272068_length_8097_cov_8.9708_5	iIT341.HP0777	46.7	229	118	4	1	228	5	230	4.1e-51	198.7
k141_2272068_length_8097_cov_8.9708_5	iNF517.LLMG_RS11470	44.5	227	124	2	1	227	4	228	9.1e-51	197.6
k141_2272068_length_8097_cov_8.9708_5	iHN637.CLJU_RS06400	43.1	239	131	4	1	239	4	237	3.4e-50	195.7
k141_2272068_length_8097_cov_8.9708_5	iAF987.Gmet_1252	43.9	237	130	3	3	239	6	239	3.4e-50	195.7
k141_2272068_length_8097_cov_8.9708_5	iSynCJ816.SGL_RS12175	43.0	242	134	4	1	242	1	238	5.9e-50	194.9
k141_625384_length_7662_cov_6.7467_3	iYS854.USA300HOU_RS05690	42.9	296	152	6	35	313	49	344	5.4e-56	215.3
k141_625384_length_7662_cov_6.7467_3	iNF517.LLMG_RS11030	40.9	296	157	5	35	312	49	344	1.0e-51	201.1
k141_625384_length_7662_cov_6.7467_3	iCN718.ABAYE_RS15760	42.6	272	149	6	46	312	56	325	1.8e-51	200.3
k141_625384_length_7662_cov_6.7467_4	iYS854.USA300HOU_RS05695	23.3	773	504	28	1	699	1	758	6.4e-36	149.8
k141_625384_length_7662_cov_6.7467_4	iLJ478.TM0822	22.5	769	511	26	19	720	18	768	1.6e-34	145.2
k141_625384_length_7662_cov_6.7467_7	iCN900.CD630_34740	28.4	222	140	5	24	238	25	234	3.4e-10	62.8
k141_2284516_length_6564_cov_7.0000_5	iEK1008.Rv0684	54.9	694	302	6	7	691	10	701	7.9e-217	750.7
k141_2284516_length_6564_cov_7.0000_5	iSynCJ816.SGL_RS10930	53.3	692	318	5	1	690	1	689	3.2e-210	728.8
k141_169285_length_6523_cov_8.7831_2	iAM_Pb448.PBANKA_104010	25.9	166	102	4	37	181	163	328	2.5e-08	56.6
k141_1127201_length_5951_cov_5.8654_2	iLJ478.TM0059	28.1	139	95	4	250	385	223	359	3.5e-04	43.5
k141_1127201_length_5951_cov_5.8654_6	iYS854.USA300HOU_RS06175	41.5	159	90	1	7	165	172	327	5.5e-31	131.3
k141_822023_length_5918_cov_6.9772_7	iNF517.LLMG_RS08455	45.0	302	155	7	1	291	9	310	1.1e-58	224.2
k141_2523544_length_5641_cov_5.5851_4	iYS854.USA300HOU_RS02655	50.5	493	236	4	1	485	1	493	2.2e-136	483.0
k141_2523544_length_5641_cov_5.5851_4	iNF517.LLMG_RS01995	50.5	481	231	4	12	485	4	484	1.3e-133	473.8
k141_2523544_length_5641_cov_5.5851_5	iML1515.b3291	30.7	140	76	6	18	147	5	133	1.3e-07	53.5
k141_2504440_length_5589_cov_5.2599_2	iCN900.CD630_20200	52.5	709	332	5	9	716	160	864	2.4e-200	696.0
k141_1760906_length_5533_cov_5.0000_4	iCN900.CD630_07540	34.1	167	109	1	1	167	221	386	1.9e-23	106.3
k141_2528319_length_5508_cov_6.9754_4	iNF517.LLMG_RS02125	31.0	203	134	4	9	209	6	204	1.4e-26	117.1
k141_2528319_length_5508_cov_6.9754_4	iYO844.BSU00280	31.2	205	135	4	8	210	5	205	7.5e-25	111.3
k141_2528319_length_5508_cov_6.9754_4	iYS854.USA300HOU_RS02455	30.6	206	133	4	8	209	4	203	1.3e-24	110.5
k141_2528319_length_5508_cov_6.9754_4	iLJ478.TM1099	32.7	202	123	6	8	209	2	190	4.8e-24	108.6
k141_616583_length_5446_cov_5.8739_1	iCN900.CD630_33730	48.5	456	224	3	1	447	468	921	8.3e-119	424.5
k141_616583_length_5446_cov_5.8739_3	iYO844.BSU00510	45.6	309	163	3	11	317	12	317	4.0e-70	262.3
k141_616583_length_5446_cov_5.8739_3	iNF517.LLMG_RS08760	46.2	301	156	2	7	303	4	302	8.8e-70	261.2
k141_616583_length_5446_cov_5.8739_3	iLJ478.TM1628	46.5	303	152	5	6	303	4	301	9.8e-69	257.7
k141_616583_length_5446_cov_5.8739_3	iYS854.USA300HOU_RS02560	44.0	318	171	3	4	317	7	321	8.3e-68	254.6
k141_616583_length_5446_cov_5.8739_3	iCN900.CD630_35140	43.5	313	176	1	5	316	4	316	1.8e-67	253.4
k141_616583_length_5446_cov_5.8739_3	iAF987.Gmet_2848	41.7	314	178	3	6	316	2	313	1.5e-64	243.8
k141_616583_length_5446_cov_5.8739_3	iHN637.CLJU_RS20580	41.6	320	181	2	3	318	2	319	4.2e-64	242.3
k141_602246_length_5220_cov_6.0000_4	iYS854.USA300HOU_RS07540	31.7	328	212	5	1	319	1	325	9.3e-35	144.8
k141_602246_length_5220_cov_6.0000_4	iYO844.BSU22830	31.4	315	204	5	1	306	1	312	4.6e-34	142.5
k141_602246_length_5220_cov_6.0000_4	iNF517.LLMG_RS05655	28.7	328	218	5	3	319	5	327	2.8e-31	133.3
k141_602246_length_5220_cov_6.0000_5	iHN637.CLJU_RS10635	28.2	213	128	10	4	207	3	199	6.4e-07	52.8
k141_602246_length_5220_cov_6.0000_5	iPC815.YPO0132	27.1	166	99	5	5	156	6	163	6.4e-07	52.8
k141_602246_length_5220_cov_6.0000_5	iAF692.Mbar_A1452	27.7	159	107	3	5	158	8	163	3.2e-06	50.4
k141_602246_length_5220_cov_6.0000_5	iSSON_1240.SSON_3540	27.4	179	105	6	2	165	3	171	3.2e-06	50.4
k141_602246_length_5220_cov_6.0000_6	iYO844.BSU22890	36.6	161	97	2	1	161	66	221	4.3e-25	111.7
k141_1933472_length_5137_cov_12.7622_2	iSynCJ816.SGL_RS10925	68.4	402	119	2	1	397	1	399	2.4e-162	568.9
k141_1933472_length_5137_cov_12.7622_3	iAF987.Gmet_1888	32.6	187	109	4	6	175	48	234	8.2e-15	77.8
k141_1933472_length_5137_cov_12.7622_5	iYS854.USA300HOU_RS04190	47.7	396	205	2	2	397	3	396	9.4e-106	380.9
k141_1933472_length_5137_cov_12.7622_5	iNF517.LLMG_RS01325	46.9	397	209	2	2	397	3	398	1.1e-98	357.5
k141_1933472_length_5137_cov_12.7622_5	iLJ478.TM0689	48.1	401	197	5	2	397	3	397	1.1e-98	357.5
k141_1286289_length_4960_cov_8.0000_3	iHN637.CLJU_RS08540	33.0	437	257	13	41	452	36	461	7.6e-51	198.7
k141_1286289_length_4960_cov_8.0000_3	iYS854.USA300HOU_RS09300	28.7	460	298	9	17	452	12	465	8.4e-50	195.3
k141_1286289_length_4960_cov_8.0000_5	iHN637.CLJU_RS06465	24.2	273	182	9	6	262	57	320	1.5e-06	50.8
k141_75325_length_4913_cov_7.6278_2	iYS854.USA300HOU_RS06135	36.6	292	166	7	1	279	1	286	3.0e-45	179.5
k141_75325_length_4913_cov_7.6278_3	iAM_Pb448.PBANKA_143510	33.8	222	137	4	4	223	8	221	2.9e-27	119.4
k141_75325_length_4913_cov_7.6278_3	iHN637.CLJU_RS06205	35.3	218	128	7	1	214	1	209	1.9e-26	116.7
k141_75325_length_4913_cov_7.6278_3	iAM_Pf480.PF3D7_1219900	33.9	218	133	5	4	218	8	217	3.2e-26	115.9
k141_75325_length_4913_cov_7.6278_3	iAM_Pc455.PCYB_144570	32.6	221	138	5	4	221	8	220	5.5e-26	115.2
k141_75325_length_4913_cov_7.6278_3	iAM_Pv461.PVX_123635	33.0	221	137	5	4	221	8	220	2.7e-25	112.8
k141_75325_length_4913_cov_7.6278_3	iCN900.CD630_25750	33.7	205	128	4	1	204	1	198	3.0e-24	109.4
k141_75325_length_4913_cov_7.6278_3	iYO844.BSU15790	32.0	206	130	5	1	204	1	198	5.1e-24	108.6
k141_1694091_length_4823_cov_6.5404_2	iYO844.BSU29470	40.7	398	229	5	1	394	1	395	1.9e-82	303.5
k141_1694091_length_4823_cov_6.5404_2	iNF517.LLMG_RS11485	37.8	399	239	5	1	394	1	395	4.8e-78	288.9
k141_1694091_length_4823_cov_6.5404_2	iHN637.CLJU_RS06265	37.6	396	238	6	3	392	2	394	4.1e-77	285.8
k141_1694091_length_4823_cov_6.5404_2	iLJ478.TM0274	40.3	397	229	6	3	392	2	397	3.8e-75	279.3
k141_1694091_length_4823_cov_6.5404_2	iNF517.LLMG_RS11480	37.6	396	237	6	1	390	1	392	9.4e-74	274.6
k141_1694091_length_4823_cov_6.5404_2	iAF692.Mbar_A1820	38.0	397	236	8	3	392	2	395	1.6e-73	273.9
k141_1694091_length_4823_cov_6.5404_3	iPC815.YPO1395	24.7	578	407	11	32	597	20	581	3.0e-39	160.6
k141_1694091_length_4823_cov_6.5404_3	iJN1463.PP_4935	25.2	524	362	9	79	591	84	588	6.7e-39	159.5
k141_1694091_length_4823_cov_6.5404_3	STM_v1_0.STM0984	25.8	534	373	8	71	597	64	581	6.7e-39	159.5
k141_1694091_length_4823_cov_6.5404_3	iCHOv1.100762480	27.5	506	351	10	103	601	167	663	5.7e-38	156.4
k141_1694091_length_4823_cov_6.5404_3	iML1515.b0914	25.1	530	382	6	71	597	64	581	2.2e-37	154.5
k141_1694091_length_4823_cov_6.5404_3	iSbBS512_1146.SbBS512_E2410	25.1	530	382	6	71	597	64	581	2.2e-37	154.5
k141_1694091_length_4823_cov_6.5404_3	iSDY_1059.SDY_2344	25.1	530	382	6	71	597	64	581	2.2e-37	154.5
k141_1694091_length_4823_cov_6.5404_3	iSF_1195.SF0910	25.1	530	382	6	71	597	64	581	2.8e-37	154.1
k141_1694091_length_4823_cov_6.5404_3	iSSON_1240.SSON_0916	25.1	530	382	6	71	597	64	581	2.8e-37	154.1
k141_1694091_length_4823_cov_6.5404_3	iAF987.Gmet_2349	23.9	532	382	8	68	591	49	565	1.8e-36	151.4
k141_1694091_length_4823_cov_6.5404_3	iYL1228.KPN_00941	23.9	531	389	6	71	598	64	582	9.1e-36	149.1
k141_1694091_length_4823_cov_6.5404_3	iCHOv1.100682535	24.7	497	345	10	120	601	799	1281	1.0e-34	145.6
k141_1694091_length_4823_cov_6.5404_5	iPC815.YPO1395	27.4	387	259	9	1	380	111	482	4.1e-26	116.3
k141_1694091_length_4823_cov_6.5404_5	iCHOv1.100762480	24.9	389	270	4	1	380	185	560	1.6e-25	114.4
k141_1694091_length_4823_cov_6.5404_5	iMM1415.18670	27.1	387	259	4	3	380	159	531	2.7e-25	113.6
k141_1694091_length_4823_cov_6.5404_5	iCHOv1.100682535	27.4	387	258	4	3	380	162	534	1.3e-24	111.3
k141_1694091_length_4823_cov_6.5404_5	iAF987.Gmet_2349	25.5	388	264	8	1	380	102	472	1.3e-24	111.3
k141_1694091_length_4823_cov_6.5404_5	iJN1463.PP_4935	24.5	388	267	7	1	377	126	498	3.9e-24	109.8
k141_1694091_length_4823_cov_6.5404_5	STM_v1_0.STM0984	26.4	383	268	8	1	380	111	482	6.6e-24	109.0
k141_1694091_length_4823_cov_6.5404_5	iML1515.b0914	26.1	383	269	8	1	380	111	482	1.9e-23	107.5
k141_1694091_length_4823_cov_6.5404_5	iSbBS512_1146.SbBS512_E2410	26.1	383	269	8	1	380	111	482	1.9e-23	107.5
k141_1694091_length_4823_cov_6.5404_5	iSDY_1059.SDY_2344	26.1	383	269	8	1	380	111	482	1.9e-23	107.5
k141_1694091_length_4823_cov_6.5404_5	iSF_1195.SF0910	26.1	383	269	8	1	380	111	482	1.9e-23	107.5
k141_1694091_length_4823_cov_6.5404_5	iSSON_1240.SSON_0916	26.1	383	269	8	1	380	111	482	1.9e-23	107.5
k141_1626726_length_4790_cov_8.0000_1	iAM_Pb448.PBANKA_140160	31.6	114	67	5	1	103	19	132	1.8e-06	50.1
k141_1626726_length_4790_cov_8.0000_1	iIT341.HP0381	28.6	126	84	4	6	127	89	212	1.5e-05	47.0
k141_249514_length_4673_cov_6.7160_2	iCN900.CD630_21660	39.3	313	179	4	7	311	10	319	1.9e-53	206.8
k141_904969_length_4624_cov_5.2043_2	iYO844.BSU36860	40.6	69	40	1	22	89	1	69	1.2e-05	46.2
k141_904969_length_4624_cov_5.2043_2	iAF987.Gmet_3360	40.0	65	36	1	25	89	13	74	1.2e-05	46.2
k141_904969_length_4624_cov_5.2043_2	iSynCJ816.SGL_RS02695	42.6	68	38	1	23	89	9	76	1.1e-04	43.1
k141_904969_length_4624_cov_5.2043_2	iHN637.CLJU_RS01165	36.2	69	44	0	21	89	11	79	1.8e-04	42.4
k141_904969_length_4624_cov_5.2043_4	iCN900.CD630_34710	28.3	173	122	2	4	174	2	174	6.1e-12	68.2
k141_904969_length_4624_cov_5.2043_4	iYO844.BSU36840	24.8	165	123	1	11	174	10	174	3.0e-11	65.9
k141_904969_length_4624_cov_5.2043_5	iHN637.CLJU_RS01180	55.6	504	222	1	1	504	1	502	3.2e-154	542.3
k141_904969_length_4624_cov_5.2043_5	iCN900.CD630_34700	55.0	504	219	3	1	503	1	497	1.8e-152	536.6
k141_904969_length_4624_cov_5.2043_5	iLJ478.TM1612	53.7	503	230	2	1	502	1	501	2.5e-151	532.7
k141_904969_length_4624_cov_5.2043_5	iYS854.USA300HOU_RS11370	56.7	469	203	0	1	469	1	469	1.8e-149	526.6
k141_904969_length_4624_cov_5.2043_5	iMM904.YBL099W	52.0	510	231	3	4	505	41	544	3.4e-148	522.3
k141_904969_length_4624_cov_5.2043_5	iAF987.Gmet_3408	55.4	469	208	1	1	468	1	469	1.3e-147	520.4
k141_904969_length_4624_cov_5.2043_5	iMM1415.11946	55.5	465	199	1	7	463	50	514	3.8e-147	518.8
k141_904969_length_4624_cov_5.2043_5	iYO844.BSU36830	56.1	467	205	0	1	467	1	467	6.4e-147	518.1
k141_904969_length_4624_cov_5.2043_5	iSynCJ816.SGL_RS02675	51.9	503	238	2	1	502	2	501	2.1e-145	513.1
k141_904969_length_4624_cov_5.2043_5	iCHOv1.100770431	54.9	468	200	2	7	463	50	517	1.8e-144	510.0
k141_904969_length_4624_cov_5.2043_5	iNF517.LLMG_RS09745	55.2	467	209	0	1	467	1	467	1.8e-144	510.0
k141_904969_length_4624_cov_5.2043_6	iCN900.CD630_34690	32.4	290	184	5	2	285	4	287	9.7e-36	147.9
k141_904969_length_4624_cov_5.2043_6	iYO844.BSU36820	33.9	292	178	4	1	286	1	283	2.0e-33	140.2
k141_904969_length_4624_cov_5.2043_6	iYS854.USA300HOU_RS11365	31.2	292	187	4	1	286	1	284	2.2e-32	136.7
k141_904969_length_4624_cov_5.2043_6	iHN637.CLJU_RS01185	32.1	290	182	5	2	288	4	281	6.5e-32	135.2
k141_904969_length_4624_cov_5.2043_7	iCN900.CD630_34680	64.8	193	63	3	22	212	3	192	6.8e-63	237.7
k141_904969_length_4624_cov_5.2043_7	iHN637.CLJU_RS01190	64.1	192	65	2	22	212	3	191	1.5e-62	236.5
k141_904969_length_4624_cov_5.2043_7	iAF987.Gmet_3406	60.9	197	72	3	20	212	2	197	4.1e-60	228.4
k141_904969_length_4624_cov_5.2043_7	iYS854.USA300HOU_RS11360	62.5	192	69	2	24	212	4	195	5.4e-60	228.0
k141_904969_length_4624_cov_5.2043_7	iYO844.BSU36810	61.0	195	70	2	24	212	4	198	2.1e-59	226.1
k141_904969_length_4624_cov_5.2043_7	iLB1027_lipid.PHATRDRAFT_54086	61.9	194	67	3	24	212	26	217	2.1e-59	226.1
k141_904969_length_4624_cov_5.2043_7	iMM904.YJR121W	61.1	190	70	2	24	212	44	230	1.0e-58	223.8
k141_904969_length_4624_cov_5.2043_7	iAM_Pf480.PF3D7_1235700	59.7	201	76	3	13	212	49	245	1.3e-58	223.4
k141_904969_length_4624_cov_5.2043_7	iAM_Pc455.PCYB_146140	60.2	201	75	3	13	212	25	221	3.0e-58	222.2
k141_904969_length_4624_cov_5.2043_7	iAM_Pv461.PVX_100735	60.4	202	74	4	12	212	61	257	6.6e-58	221.1
k141_904969_length_4624_cov_5.2043_7	iAM_Pb448.PBANKA_145030	61.5	192	69	3	22	212	57	244	2.5e-57	219.2
k141_904969_length_4624_cov_5.2043_7	iMM1415.11947	61.7	193	63	4	24	212	61	246	1.6e-56	216.5
k141_904969_length_4624_cov_5.2043_7	iCHOv1.100763024	61.7	193	63	4	24	212	66	251	2.1e-56	216.1
k141_904969_length_4624_cov_5.2043_7	iAT_PLT_636.506	61.1	193	64	4	24	212	61	246	2.1e-56	216.1
k141_904969_length_4624_cov_5.2043_7	iML1515.b3732	58.7	189	74	2	24	211	4	189	2.8e-56	215.7
k141_904969_length_4624_cov_5.2043_7	iSbBS512_1146.SbBS512_E4189	58.7	189	74	2	24	211	4	189	2.8e-56	215.7
k141_904969_length_4624_cov_5.2043_7	iSF_1195.SF3812	58.7	189	74	2	24	211	4	189	2.8e-56	215.7
k141_904969_length_4624_cov_5.2043_7	iSSON_1240.SSON_3887	58.7	189	74	2	24	211	4	189	2.8e-56	215.7
k141_904969_length_4624_cov_5.2043_7	STM_v1_0.STM3865	58.2	189	75	2	24	211	4	189	6.2e-56	214.5
k141_2252018_length_4539_cov_6.9427_1	iML1515.b3697	20.9	253	182	5	11	258	29	268	5.4e-04	42.4
k141_2252018_length_4539_cov_6.9427_4	iCN900.CD630_31950	55.7	61	27	0	1	61	1	61	1.4e-13	72.4
k141_2252018_length_4539_cov_6.9427_5	iCN900.CD630_31950	47.9	48	24	1	2	48	70	117	5.5e-05	46.2
k141_463974_length_4528_cov_8.0000_1	iCN900.CD630_31950	40.8	556	297	4	2	530	256	806	7.1e-117	418.3
k141_463974_length_4528_cov_8.0000_2	STM_v1_0.STM3002	23.4	282	170	12	3	250	10	279	8.0e-07	52.0
k141_463974_length_4528_cov_8.0000_3	iNF517.LLMG_RS08000	37.7	300	179	6	2	297	3	298	6.1e-49	191.8
k141_463974_length_4528_cov_8.0000_3	iYS854.USA300HOU_RS04135	39.2	311	159	10	2	297	3	298	4.0e-48	189.1
k141_463974_length_4528_cov_8.0000_3	iLJ478.TM0869	35.1	302	186	7	1	297	14	310	3.7e-46	182.6
k141_463974_length_4528_cov_8.0000_3	iYO844.BSU34790	37.7	310	177	8	2	303	4	305	4.9e-46	182.2
k141_881613_length_4502_cov_7.9647_1	iYS854.USA300HOU_RS04905	46.0	187	98	1	620	806	130	313	2.8e-43	174.5
k141_881613_length_4502_cov_7.9647_1	iYS854.USA300HOU_RS04905	39.7	126	72	3	5	128	3	126	6.3e-19	93.6
k141_881613_length_4502_cov_7.9647_2	iYS854.USA300HOU_RS04900	42.0	350	193	5	208	552	3	347	9.2e-75	278.5
k141_2280997_length_4476_cov_6.0000_3	iAM_Pf480.PF3D7_0910400	24.4	242	156	10	17	243	18	247	4.9e-04	43.9
k141_249755_length_4327_cov_8.6868_1	iHN637.CLJU_RS04570	38.9	406	226	9	17	408	1	398	1.7e-70	263.8
k141_249755_length_4327_cov_8.6868_1	iYS854.USA300HOU_RS14320	37.4	417	231	9	11	408	6	411	1.5e-66	250.8
k141_249755_length_4327_cov_8.6868_1	iYS854.USA300HOU_RS00325	35.9	412	244	8	11	408	6	411	2.6e-66	250.0
k141_249755_length_4327_cov_8.6868_1	iNF517.LLMG_RS11595	36.2	414	244	7	9	408	3	410	2.0e-63	240.4
k141_1951478_length_4316_cov_5.6666_1	iCN900.CD630_00500	48.3	431	221	2	4	432	9	439	1.1e-120	430.6
k141_1951478_length_4316_cov_5.6666_3	iYO844.BSU23500	45.4	381	199	8	3	381	5	378	5.5e-90	328.6
k141_1951478_length_4316_cov_5.6666_3	iHN637.CLJU_RS08920	42.9	401	217	9	1	397	1	393	9.4e-90	327.8
k141_1951478_length_4316_cov_5.6666_3	iYS854.USA300HOU_RS00735	40.2	393	229	6	4	396	5	391	8.5e-83	304.7
k141_1951478_length_4316_cov_5.6666_3	iNF517.LLMG_RS08060	39.6	414	225	8	3	397	4	411	1.6e-81	300.4
k141_700823_length_4298_cov_6.4737_3	iYO844.BSU02750	34.0	206	130	4	67	268	19	222	5.3e-28	122.5
k141_700823_length_4298_cov_6.4737_3	iCN900.CD630_01010	30.8	240	150	7	47	274	1	236	1.0e-26	118.2
k141_700823_length_4298_cov_6.4737_3	iYS854.USA300HOU_RS13270	33.0	230	144	5	49	273	2	226	5.5e-25	112.5
k141_2482207_length_4157_cov_5.8775_2	iCN900.CD630_25960	47.2	282	139	5	11	288	17	292	6.9e-61	231.5
k141_1446460_length_4127_cov_9.0000_2	iSF_1195.SF0538	24.3	267	164	11	10	255	8	257	1.2e-06	51.2
k141_1446460_length_4127_cov_9.0000_2	iSbBS512_1146.SbBS512_E0687	24.0	267	165	11	10	255	8	257	2.6e-06	50.1
k141_1446460_length_4127_cov_9.0000_2	iML1515.b0766	24.3	267	164	11	10	255	8	257	3.4e-06	49.7
k141_1446460_length_4127_cov_9.0000_4	iNF517.LLMG_RS10745	32.6	304	179	4	1	280	1	302	5.8e-41	165.2
k141_1446460_length_4127_cov_9.0000_4	iYO844.BSU15730	33.4	299	174	5	5	283	3	296	1.3e-40	164.1
k141_1446460_length_4127_cov_9.0000_4	iLJ478.TM0528	31.6	291	184	4	4	280	1	290	6.4e-40	161.8
k141_1446460_length_4127_cov_9.0000_4	iAF987.Gmet_3339	28.0	293	197	4	1	280	1	292	1.2e-38	157.5
k141_1446460_length_4127_cov_9.0000_4	iYS854.USA300HOU_RS06110	31.5	292	182	4	5	280	3	292	1.6e-38	157.1
k141_1446460_length_4127_cov_9.0000_4	iCN900.CD630_25840	31.2	292	185	3	4	280	1	291	4.6e-38	155.6
k141_1446460_length_4127_cov_9.0000_5	iNF517.LLMG_RS10835	44.3	296	153	3	4	288	3	297	3.0e-69	259.2
k141_1446460_length_4127_cov_9.0000_5	iYS854.USA300HOU_RS11470	43.6	289	156	4	4	290	3	286	9.0e-66	247.7
k141_1446460_length_4127_cov_9.0000_5	iYO844.BSU37120	44.9	287	151	5	4	288	3	284	1.5e-65	246.9
k141_1001267_length_4117_cov_9.9155_3	iHN637.CLJU_RS13835	50.1	345	154	6	4	346	3	331	1.7e-90	330.1
k141_1001267_length_4117_cov_9.9155_3	iYS854.USA300HOU_RS14315	50.9	346	152	5	2	346	7	335	1.1e-89	327.4
k141_1001267_length_4117_cov_9.9155_3	iCN900.CD630_20300	51.6	345	147	8	3	345	4	330	1.4e-89	327.0
k141_1001267_length_4117_cov_9.9155_3	iHN637.CLJU_RS04575	49.4	348	158	6	1	346	1	332	9.1e-89	324.3
k141_1001267_length_4117_cov_9.9155_3	iHN637.CLJU_RS12430	45.8	345	169	6	3	345	2	330	2.3e-84	309.7
k141_1001267_length_4117_cov_9.9155_3	iYS854.USA300HOU_RS05860	47.4	346	162	7	4	346	3	331	2.6e-83	306.2
k141_1001267_length_4117_cov_9.9155_3	iYS854.USA300HOU_RS00310	47.2	345	164	6	4	346	3	331	3.3e-83	305.8
k141_1001267_length_4117_cov_9.9155_3	STM_v1_0.STM4465	46.1	349	169	6	1	346	1	333	4.1e-81	298.9
k141_1001267_length_4117_cov_9.9155_3	iNF517.LLMG_RS11590	47.2	345	160	5	6	346	16	342	7.0e-81	298.1
k141_1001267_length_4117_cov_9.9155_4	iHN637.CLJU_RS13830	46.2	316	163	3	1	309	1	316	3.7e-73	272.3
k141_1001267_length_4117_cov_9.9155_4	iHN637.CLJU_RS11590	44.8	317	168	3	1	310	1	317	1.5e-71	266.9
k141_1001267_length_4117_cov_9.9155_4	iYS854.USA300HOU_RS05865	45.2	310	165	4	1	307	1	308	7.6e-71	264.6
k141_1001267_length_4117_cov_9.9155_4	iHN637.CLJU_RS07500	47.2	307	159	3	3	307	5	310	1.7e-70	263.5
k141_1001267_length_4117_cov_9.9155_4	iHN637.CLJU_RS20965	44.9	312	169	2	1	309	1	312	1.8e-67	253.4
k141_1001267_length_4117_cov_9.9155_4	iYS854.USA300HOU_RS00305	43.9	310	168	5	1	307	1	307	4.3e-66	248.8
k141_1001267_length_4117_cov_9.9155_4	iHN637.CLJU_RS04585	45.0	313	160	5	3	307	2	310	2.2e-65	246.5
k141_491615_length_3982_cov_10.0000_4	iEK1008.Rv2317	26.1	226	157	4	97	321	56	272	2.7e-18	90.1
k141_491615_length_3982_cov_10.0000_5	iEK1008.Rv2040c	26.6	308	202	10	33	333	10	300	1.2e-16	84.7
k141_491615_length_3982_cov_10.0000_5	iCN900.CD630_34160	25.2	290	192	7	34	317	7	277	2.0e-14	77.4
k141_491615_length_3982_cov_10.0000_5	iCN900.CD630_25490	25.5	294	197	9	34	322	22	298	2.6e-14	77.0
k141_2508646_length_3971_cov_7.3504_1	iLJ478.TM1090	43.9	173	97	0	2	174	3	175	3.7e-38	155.2
k141_946912_length_3958_cov_8.0000_3	iYS854.USA300HOU_RS08350	48.5	462	226	6	4	455	3	462	2.7e-125	446.0
k141_590167_length_3917_cov_5.0000_1	iAF987.Gmet_2372	59.1	115	47	0	1	115	314	428	4.0e-33	137.9
k141_590167_length_3917_cov_5.0000_1	iNF517.LLMG_RS03215	58.3	115	48	0	1	115	318	432	6.9e-33	137.1
k141_590167_length_3917_cov_5.0000_1	iYS854.USA300HOU_RS04205	60.5	114	45	0	1	114	319	432	1.3e-31	132.9
k141_590167_length_3917_cov_5.0000_1	iLJ478.TM0877	57.4	115	49	0	1	115	312	426	1.7e-31	132.5
k141_590167_length_3917_cov_5.0000_1	iHN637.CLJU_RS19255	56.1	114	50	0	1	114	316	429	1.9e-30	129.0
k141_590167_length_3917_cov_5.0000_1	iCN900.CD630_31700	54.8	115	52	0	1	115	315	429	3.2e-30	128.3
k141_590167_length_3917_cov_5.0000_1	iYO844.BSU33900	57.0	114	49	0	1	114	315	428	7.1e-30	127.1
k141_590167_length_3917_cov_5.0000_1	iML1515.b2779	58.7	109	45	0	1	109	318	426	1.2e-29	126.3
k141_590167_length_3917_cov_5.0000_1	STM_v1_0.STM2952	58.7	109	45	0	1	109	318	426	1.2e-29	126.3
k141_590167_length_3917_cov_5.0000_1	iSbBS512_1146.SbBS512_E3094	58.7	109	45	0	1	109	318	426	1.2e-29	126.3
k141_590167_length_3917_cov_5.0000_1	iSDY_1059.SDY_2996	58.7	109	45	0	1	109	318	426	1.2e-29	126.3
k141_590167_length_3917_cov_5.0000_1	iSF_1195.SF2794	58.7	109	45	0	1	109	318	426	1.2e-29	126.3
k141_590167_length_3917_cov_5.0000_1	iSSON_1240.SSON_2936	58.7	109	45	0	1	109	318	426	1.2e-29	126.3
k141_590167_length_3917_cov_5.0000_1	iJN1463.PP_1612	58.6	111	46	0	1	111	317	427	1.6e-29	125.9
k141_590167_length_3917_cov_5.0000_1	iSynCJ816.SGL_RS17675	61.1	108	42	0	1	108	317	424	2.7e-29	125.2
k141_590167_length_3917_cov_5.0000_1	iEK1008.Rv1023	55.0	111	50	0	1	111	311	421	3.5e-29	124.8
k141_590167_length_3917_cov_5.0000_7	iJN1463.PP_3720	36.8	38	24	0	51	88	88	125	7.6e-04	41.2
k141_327418_length_3854_cov_4.0000_1	iYL1228.KPN_00941	19.9	527	396	12	71	576	16	537	3.2e-09	60.8
k141_327418_length_3854_cov_4.0000_3	iIT341.HP0687	33.7	89	55	3	1	88	1	86	3.1e-05	46.6
k141_894273_length_3793_cov_8.9277_3	iLJ478.TM0421	56.1	107	47	0	36	142	3	109	2.3e-27	119.4
k141_884666_length_3691_cov_7.7575_1	iML1515.b3059	79.2	24	5	0	2	25	92	115	5.4e-04	41.2
k141_884666_length_3691_cov_7.7575_1	iJN1463.PP_0391	59.3	27	11	0	1	27	88	114	5.4e-04	41.2
k141_884666_length_3691_cov_7.7575_1	iSbBS512_1146.SbBS512_E3490	79.2	24	5	0	2	25	92	115	5.4e-04	41.2
k141_884666_length_3691_cov_7.7575_1	iSDY_1059.SDY_3242	79.2	24	5	0	2	25	92	115	5.4e-04	41.2
k141_884666_length_3691_cov_7.7575_1	iSF_1195.SF3100	79.2	24	5	0	2	25	92	115	5.4e-04	41.2
k141_884666_length_3691_cov_7.7575_1	iSSON_1240.SSON_3196	79.2	24	5	0	2	25	92	115	5.4e-04	41.2
k141_884666_length_3691_cov_7.7575_3	iCN900.CD630_13000	40.3	355	202	6	87	437	108	456	3.6e-61	233.0
k141_884666_length_3691_cov_7.7575_4	iJN1463.PP_0980	38.7	284	170	4	3	285	193	473	6.9e-48	188.3
k141_884666_length_3691_cov_7.7575_4	iCN900.CD630_13000	37.5	280	171	4	3	281	180	456	2.7e-44	176.4
k141_884666_length_3691_cov_7.7575_4	iCN718.ABAYE_RS17615	39.1	289	170	6	3	289	177	461	3.0e-43	172.9
k141_884666_length_3691_cov_7.7575_4	iAM_Pb448.PBANKA_130990	34.6	298	185	5	1	290	328	623	3.0e-43	172.9
k141_884666_length_3691_cov_7.7575_4	iPC815.YPO3441	36.0	292	177	7	3	289	194	480	6.7e-43	171.8
k141_1383931_length_3669_cov_6.8605_1	iYS854.USA300HOU_RS08810	42.5	884	443	15	277	1108	2	872	5.7e-193	672.2
k141_1383931_length_3669_cov_6.8605_1	iNF517.LLMG_RS12325	42.2	877	455	14	277	1107	4	874	7.7e-190	661.8
k141_1383931_length_3669_cov_6.8605_1	iLJ478.TM1817	40.7	863	472	14	277	1105	3	859	1.2e-179	627.9
k141_659338_length_3619_cov_6.0000_1	iNF517.LLMG_RS06045	35.6	233	137	6	20	243	1	229	8.0e-34	141.4
k141_659338_length_3619_cov_6.0000_1	iCN900.CD630_20500	33.6	238	149	5	20	249	1	237	2.8e-31	132.9
k141_659338_length_3619_cov_6.0000_2	iIS312.TCDM_07253	25.7	311	219	5	5	304	3	312	2.0e-22	104.8
k141_659338_length_3619_cov_6.0000_2	iYS854.USA300HOU_RS06830	20.9	517	361	11	9	481	6	518	1.1e-20	99.0
k141_659338_length_3619_cov_6.0000_2	iAM_Pf480.PF3D7_0610800	22.6	583	393	16	1	543	1	565	1.8e-20	98.2
k141_659338_length_3619_cov_6.0000_2	iAM_Pv461.PVX_113675	24.7	312	223	6	4	304	1	311	5.4e-20	96.7
k141_1021682_length_3601_cov_5.8468_1	iYO844.BSU13500	29.7	489	284	13	1	485	17	449	2.1e-43	174.1
k141_1021682_length_3601_cov_5.8468_1	iCN900.CD630_06960	28.6	465	264	10	31	485	52	458	2.0e-41	167.5
k141_1301586_length_3589_cov_3.0418_1	iCN900.CD630_10260	26.5	238	158	7	20	252	1	226	9.2e-15	78.2
k141_1301586_length_3589_cov_3.0418_2	iYS854.USA300HOU_RS05490	31.2	253	155	6	28	266	8	255	2.6e-20	96.7
k141_1301586_length_3589_cov_3.0418_2	iCN900.CD630_10250	28.3	258	158	5	28	265	7	257	1.7e-19	94.0
k141_1301586_length_3589_cov_3.0418_2	STM_v1_0.STM1225	27.4	274	169	6	18	266	1	269	3.7e-19	92.8
k141_1301586_length_3589_cov_3.0418_2	iSbBS512_1146.SbBS512_E1303	27.0	274	170	6	18	266	1	269	3.7e-19	92.8
k141_1301586_length_3589_cov_3.0418_2	iML1515.b1125	27.3	264	162	6	28	266	1	259	4.1e-18	89.4
k141_1301586_length_3589_cov_3.0418_2	iSDY_1059.SDY_2027	27.3	264	162	6	28	266	1	259	4.1e-18	89.4
k141_1301586_length_3589_cov_3.0418_2	iSF_1195.SF1127	27.3	264	162	6	28	266	1	259	4.1e-18	89.4
k141_1301586_length_3589_cov_3.0418_2	iSSON_1240.SSON_1143	27.3	264	162	6	28	266	1	259	4.1e-18	89.4
k141_1301586_length_3589_cov_3.0418_2	iYL1228.KPN_01131	26.5	275	170	7	18	266	1	269	9.1e-18	88.2
k141_1301586_length_3589_cov_3.0418_3	iCN900.CD630_10240	36.9	431	182	2	13	443	5	345	2.5e-78	290.0
k141_1301586_length_3589_cov_3.0418_3	iYS854.USA300HOU_RS05485	37.2	452	183	4	11	451	2	363	4.7e-77	285.8
k141_928541_length_3565_cov_6.0000_1	iAF692.Mbar_A2373	34.8	92	40	3	1	90	1	74	2.5e-04	43.9
k141_1590555_length_3420_cov_7.0000_2	iYO844.BSU33730	31.6	212	138	5	18	223	2	212	5.6e-24	109.0
k141_1590555_length_3420_cov_7.0000_2	iCN900.CD630_01010	32.5	203	125	5	31	223	21	221	7.3e-24	108.6
k141_1590555_length_3420_cov_7.0000_2	iYO844.BSU33830	30.2	212	141	5	18	223	2	212	1.0e-22	104.8
k141_1590555_length_3420_cov_7.0000_2	iYS854.USA300HOU_RS03900	31.6	212	138	5	18	223	2	212	1.5e-21	100.9
k141_1590555_length_3420_cov_7.0000_2	iPC815.YPO1198	30.4	217	134	7	18	223	2	212	1.5e-21	100.9
k141_1590555_length_3420_cov_7.0000_2	iNF517.LLMG_RS08555	30.7	212	140	5	18	223	2	212	2.0e-21	100.5
k141_1590555_length_3420_cov_7.0000_2	iCN900.CD630_35270	32.1	209	137	5	18	223	4	210	4.4e-21	99.4
k141_1590555_length_3420_cov_7.0000_2	iYS854.USA300HOU_RS08305	31.3	201	116	4	19	205	12	204	4.4e-21	99.4
k141_1590555_length_3420_cov_7.0000_2	iLJ478.TM0124	31.7	189	117	3	18	205	4	181	4.4e-21	99.4
k141_1590555_length_3420_cov_7.0000_2	iCN900.CD630_35300	32.5	209	136	5	18	223	4	210	5.7e-21	99.0
k141_1590555_length_3420_cov_7.0000_2	iYS854.USA300HOU_RS13270	27.8	212	146	5	18	223	2	212	5.7e-21	99.0
k141_1590555_length_3420_cov_7.0000_5	iYS854.USA300HOU_RS04050	23.5	251	160	8	1	233	1	237	5.8e-12	68.9
k141_1590555_length_3420_cov_7.0000_5	iYS854.USA300HOU_RS07285	26.4	280	185	9	6	274	7	276	1.4e-10	64.3
k141_2536275_length_3386_cov_5.0000_1	iHN637.CLJU_RS10465	28.3	99	59	3	254	344	533	627	2.4e-04	43.9
k141_2536275_length_3386_cov_5.0000_3	iCN900.CD630_26950	50.0	302	150	1	3	304	33	333	7.5e-79	291.2
k141_338248_length_3357_cov_4.0000_2	iAF987.Gmet_0247	36.8	288	163	7	3	277	2	283	2.0e-36	150.2
k141_338248_length_3357_cov_4.0000_2	iYO844.BSU24310	33.6	277	176	4	4	276	5	277	1.7e-35	147.1
k141_338248_length_3357_cov_4.0000_2	iIT341.HP0577	35.1	279	172	5	4	277	10	284	3.8e-35	146.0
k141_338248_length_3357_cov_4.0000_2	iYS854.USA300HOU_RS05295	34.3	274	171	6	3	272	4	272	1.4e-34	144.1
k141_338248_length_3357_cov_4.0000_2	iML1515.b0529	33.7	282	176	5	3	278	4	280	1.9e-34	143.7
k141_338248_length_3357_cov_4.0000_2	iSbBS512_1146.SbBS512_E0445	33.7	282	176	5	3	278	4	280	1.9e-34	143.7
k141_338248_length_3357_cov_4.0000_2	iSF_1195.SF0460	33.7	282	176	5	3	278	4	280	1.9e-34	143.7
k141_338248_length_3357_cov_4.0000_2	iSSON_1240.SSON_0489	33.7	282	176	5	3	278	4	280	1.9e-34	143.7
k141_338248_length_3357_cov_4.0000_2	iSDY_1059.SDY_0281	33.7	282	176	5	3	278	4	280	4.2e-34	142.5
k141_338248_length_3357_cov_4.0000_2	STM_v1_0.STM0542	33.3	282	177	5	3	278	4	280	3.5e-33	139.4
k141_338248_length_3357_cov_4.0000_2	iAT_PLT_636.4522	33.3	288	176	7	3	276	5	290	6.0e-33	138.7
k141_338248_length_3357_cov_4.0000_2	iNF517.LLMG_RS08520	34.8	247	153	5	34	276	33	275	7.9e-33	138.3
k141_338248_length_3357_cov_4.0000_2	iYL1228.KPN_00484	33.2	280	176	5	3	276	4	278	1.3e-32	137.5
k141_338248_length_3357_cov_4.0000_4	iNF517.LLMG_RS00090	47.2	180	93	2	1	180	2	179	5.8e-42	167.9
k141_338248_length_3357_cov_4.0000_4	iYO844.BSU00680	45.3	170	92	1	9	178	6	174	1.0e-38	157.1
k141_338248_length_3357_cov_4.0000_4	iNF517.LLMG_RS05050	41.0	178	104	1	5	182	1	177	1.0e-38	157.1
k141_338248_length_3357_cov_4.0000_4	iYL1228.KPN_00133	44.2	172	95	1	5	175	4	175	1.7e-38	156.4
k141_338248_length_3357_cov_4.0000_4	iCN718.ABAYE_RS19265	46.7	165	87	1	12	175	7	171	8.6e-38	154.1
k141_338248_length_3357_cov_4.0000_4	iCN900.CD630_26910	47.2	163	85	1	16	178	11	172	1.1e-37	153.7
k141_338248_length_3357_cov_4.0000_4	iHN637.CLJU_RS20465	41.9	179	103	1	5	183	4	181	1.5e-37	153.3
k141_338248_length_3357_cov_4.0000_4	iSSON_1240.SSON_0133	43.5	177	97	2	7	180	6	182	1.5e-37	153.3
k141_338248_length_3357_cov_4.0000_4	iML1515.b0125	43.5	170	95	1	7	175	2	171	1.9e-37	152.9
k141_338248_length_3357_cov_4.0000_4	iSbBS512_1146.SbBS512_E0118	43.5	170	95	1	7	175	2	171	1.9e-37	152.9
k141_338248_length_3357_cov_4.0000_4	iSDY_1059.SDY_0034	43.5	170	95	1	7	175	6	175	1.9e-37	152.9
k141_338248_length_3357_cov_4.0000_4	iSF_1195.SF0122	43.5	170	95	1	7	175	6	175	1.9e-37	152.9
k141_338248_length_3357_cov_4.0000_5	iNF517.LLMG_RS06755	26.4	227	136	9	1	215	1	208	2.8e-06	49.7
k141_1821149_length_3356_cov_4.5969_2	iCN900.CD630_14010	41.2	160	90	3	2	157	30	189	2.2e-26	115.9
k141_1274232_length_3220_cov_7.8584_2	iYS854.USA300HOU_RS08365	36.7	128	80	1	9	136	8	134	6.1e-20	94.4
k141_2448464_length_3177_cov_4.8682_3	iYS854.USA300HOU_RS12035	45.6	228	124	0	1	228	7	234	3.5e-52	202.2
k141_2448464_length_3177_cov_4.8682_3	iCN900.CD630_01000	42.3	234	132	2	1	231	4	237	4.7e-49	191.8
k141_362105_length_3177_cov_8.0000_2	iYS854.USA300HOU_RS04525	29.1	402	264	7	5	388	16	414	1.4e-42	171.0
k141_362105_length_3177_cov_8.0000_2	iCN718.ABAYE_RS11400	28.2	393	262	7	4	379	254	643	3.2e-42	169.9
k141_362105_length_3177_cov_8.0000_2	iPC815.YPO1028	26.4	398	276	6	1	386	45	437	1.1e-39	161.4
k141_362105_length_3177_cov_8.0000_2	iAF987.Gmet_2006	26.5	392	270	7	7	386	10	395	2.2e-38	157.1
k141_1336210_length_3113_cov_5.7450_3	iIT341.HP0620	42.1	140	79	1	6	143	17	156	1.4e-24	110.2
k141_544969_length_3100_cov_5.9713_2	iYO844.BSU00920	47.0	479	230	7	3	459	4	480	7.5e-115	411.4
k141_544969_length_3100_cov_5.9713_2	iNF517.LLMG_RS11690	45.7	481	232	9	2	459	3	477	2.1e-109	393.3
k141_544969_length_3100_cov_5.9713_2	iYS854.USA300HOU_RS02780	43.6	482	248	6	3	462	4	483	3.6e-109	392.5
k141_544969_length_3100_cov_5.9713_4	iNF517.LLMG_RS01625	32.8	189	127	0	6	194	54	242	8.7e-28	120.9
k141_2400511_length_3073_cov_6.8264_1	iYS854.USA300HOU_RS08915	45.7	140	64	4	7	142	73	204	5.5e-24	107.8
k141_2400511_length_3073_cov_6.8264_1	iCN900.CD630_05740	42.1	140	67	4	9	142	73	204	5.6e-21	97.8
k141_2400511_length_3073_cov_6.8264_2	iCN900.CD630_26100	48.2	332	164	2	2	330	1	327	6.0e-82	301.6
k141_2400511_length_3073_cov_6.8264_2	iYS854.USA300HOU_RS04940	46.2	329	169	3	6	331	2	325	1.1e-78	290.8
k141_2400511_length_3073_cov_6.8264_2	iYL1228.KPN_03755	47.3	332	164	3	5	330	3	329	4.9e-76	282.0
k141_2400511_length_3073_cov_6.8264_2	STM_v1_0.STM3481	46.7	332	166	3	5	330	3	329	9.3e-75	277.7
k141_2373192_length_3027_cov_6.0000_1	iYS854.USA300HOU_RS09335	61.8	335	123	3	2	335	3	333	4.3e-128	454.9
k141_2373192_length_3027_cov_6.0000_1	iNF517.LLMG_RS08750	60.3	335	129	3	2	335	3	334	2.3e-121	432.6
k141_2152548_length_2994_cov_6.4795_2	iNF517.LLMG_RS09540	45.0	737	353	21	2	713	4	713	2.9e-156	549.7
k141_2152548_length_2994_cov_6.4795_2	iYS854.USA300HOU_RS08615	39.7	795	428	21	2	769	4	774	1.1e-150	531.2
k141_2152548_length_2994_cov_6.4795_2	iCN900.CD630_12820	42.2	720	383	17	6	710	8	709	2.4e-142	503.4
k141_1855204_length_2942_cov_8.0000_2	iHN637.CLJU_RS06475	33.0	185	111	6	9	182	7	189	2.3e-13	73.6
k141_1855204_length_2942_cov_8.0000_3	iSDY_1059.SDY_3917	27.9	258	158	8	4	247	2	245	2.8e-13	73.2
k141_1855204_length_2942_cov_8.0000_3	iSSON_1240.SSON_4000	28.0	261	154	9	4	247	2	245	2.8e-13	73.2
k141_1855204_length_2942_cov_8.0000_3	iSF_1195.SF3904	28.0	261	154	9	4	247	2	245	3.7e-13	72.8
k141_1855204_length_2942_cov_8.0000_3	iSbBS512_1146.SbBS512_E4293	28.0	261	154	9	4	247	2	245	4.8e-13	72.4
k141_1855204_length_2942_cov_8.0000_3	iML1515.b3826	27.5	265	150	9	4	247	2	245	6.3e-13	72.0
k141_1855204_length_2942_cov_8.0000_3	iML1515.b3697	25.4	268	185	6	5	262	4	266	1.4e-12	70.9
k141_1855204_length_2942_cov_8.0000_4	iNF517.LLMG_RS07220	32.3	217	140	4	5	214	11	227	4.4e-20	95.9
k141_1855204_length_2942_cov_8.0000_4	iYS854.USA300HOU_RS06405	28.9	263	162	7	5	244	8	268	2.9e-19	93.2
k141_1855204_length_2942_cov_8.0000_4	iSynCJ816.SGL_RS18050	31.5	203	137	2	2	203	4	205	1.9e-18	90.5
k141_1855204_length_2942_cov_8.0000_4	iEK1008.Rv2793c	29.1	199	139	1	5	201	11	209	2.4e-18	90.1
k141_1817745_length_2870_cov_6.0000_2	iHN637.CLJU_RS06465	25.8	306	203	13	15	300	10	311	1.6e-12	70.9
k141_357043_length_2826_cov_5.0000_2	iYS854.USA300HOU_RS10315	39.1	473	277	5	6	473	3	469	8.6e-82	301.6
k141_357043_length_2826_cov_5.0000_2	iNF517.LLMG_RS00940	39.6	462	268	7	6	459	3	461	2.8e-80	296.6
k141_357043_length_2826_cov_5.0000_2	iSynCJ816.SGL_RS10865	37.1	485	285	7	6	472	10	492	4.9e-77	285.8
k141_357043_length_2826_cov_5.0000_2	iLJ478.TM1273	36.7	477	288	6	9	473	6	480	1.3e-74	277.7
k141_357043_length_2826_cov_5.0000_3	iAF692.Mbar_A0883	27.5	251	165	7	2	242	207	450	1.9e-14	77.0
k141_357043_length_2826_cov_5.0000_3	iLJ478.TM1272	28.0	207	142	5	51	254	256	458	1.2e-13	74.3
k141_1297944_length_2755_cov_6.1890_1	iCN900.CD630_25030	37.7	316	169	4	1	316	557	844	2.4e-47	186.8
k141_1297944_length_2755_cov_6.1890_1	iCN900.CD630_18240	36.7	346	179	10	1	340	561	872	7.6e-46	181.8
k141_1297944_length_2755_cov_6.1890_1	iYO844.BSU15650	32.5	338	204	2	1	338	568	881	7.1e-44	175.3
k141_1297944_length_2755_cov_6.1890_1	iSynCJ816.SGL_RS16270	35.0	314	170	4	1	303	610	900	3.0e-42	169.9
k141_481978_length_2731_cov_4.4954_1	iYS854.USA300HOU_RS05995	40.3	554	295	12	1	521	363	913	4.9e-110	395.6
k141_481978_length_2731_cov_4.4954_1	iNF517.LLMG_RS10255	39.0	502	283	7	1	487	361	854	6.6e-99	358.6
k141_517466_length_2662_cov_7.3165_1	iCN900.CD630_05560	24.2	198	122	7	69	258	57	234	1.0e-05	48.1
k141_517466_length_2662_cov_7.3165_2	iYS854.USA300HOU_RS08170	34.1	340	220	2	5	341	6	344	6.1e-53	205.3
k141_1347265_length_2650_cov_4.1582_1	iCN900.CD630_33730	40.7	182	101	3	30	205	37	217	1.4e-28	123.6
k141_1092134_length_2602_cov_4.6668_1	iYS854.USA300HOU_RS03230	37.7	252	144	7	1	243	4	251	1.3e-38	157.1
k141_1092134_length_2602_cov_4.6668_2	iYS854.USA300HOU_RS02790	35.2	432	242	11	5	402	26	453	8.4e-62	235.0
k141_1092134_length_2602_cov_4.6668_2	iCN900.CD630_00520	35.5	425	240	9	5	397	25	447	3.2e-61	233.0
k141_1092134_length_2602_cov_4.6668_2	iCN718.ABAYE_RS12525	33.1	438	247	9	5	402	28	459	6.7e-59	225.3
k141_1092134_length_2602_cov_4.6668_2	iNF517.LLMG_RS10195	33.3	414	257	10	5	402	25	435	5.6e-58	222.2
k141_1840742_length_2597_cov_4.6205_2	iCN900.CD630_03010	22.2	514	275	14	1	478	5	429	2.2e-17	87.8
k141_1840742_length_2597_cov_4.6205_2	iHN637.CLJU_RS00620	23.1	502	286	14	1	478	5	430	4.9e-17	86.7
k141_2162874_length_2506_cov_4.0000_2	iEK1008.Rv0684	23.2	491	247	10	4	374	11	491	1.1e-26	118.2
k141_731745_length_2481_cov_10.8547_2	iML1515.b1103	34.6	107	64	3	1	103	1	105	2.5e-13	72.0
k141_240889_length_2466_cov_8.0000_4	iAF987.Gmet_2444	38.6	57	30	2	120	172	23	78	5.5e-04	42.0
k141_240889_length_2466_cov_8.0000_4	iIT341.HP0687	39.6	53	27	2	123	171	8	59	5.5e-04	42.0
k141_1014763_length_2414_cov_4.6269_2	iYS854.USA300HOU_RS06125	32.0	244	155	7	7	248	8	242	2.7e-26	116.3
k141_1014763_length_2414_cov_4.6269_3	iYS854.USA300HOU_RS06075	43.2	190	102	1	5	194	4	187	2.8e-40	162.5
k141_1014763_length_2414_cov_4.6269_3	iYO844.BSU15680	42.5	186	101	1	9	194	7	186	9.0e-39	157.5
k141_1014763_length_2414_cov_4.6269_3	iNF517.LLMG_RS10780	41.4	186	102	2	9	194	7	185	7.1e-36	147.9
k141_1014763_length_2414_cov_4.6269_4	iCN718.ABAYE_RS13845	32.6	175	112	3	2	175	5	174	3.2e-16	82.4
k141_565155_length_2399_cov_5.5797_1	iYO844.BSU39400	60.3	214	85	0	1	214	1	214	1.2e-67	253.4
k141_565155_length_2399_cov_5.5797_1	iHN637.CLJU_RS08925	57.9	216	91	0	1	216	1	216	7.9e-67	250.8
k141_565155_length_2399_cov_5.5797_1	iYS854.USA300HOU_RS11530	57.7	215	91	0	1	215	1	215	1.4e-66	250.0
k141_565155_length_2399_cov_5.5797_1	iLJ478.TM1653	58.3	216	90	0	1	216	1	216	9.7e-65	243.8
k141_565155_length_2399_cov_5.5797_1	iNF517.LLMG_RS05380	56.1	214	94	0	2	215	4	217	3.1e-63	238.8
k141_565155_length_2399_cov_5.5797_1	iCN900.CD630_12250	55.6	214	95	0	1	214	6	219	2.6e-62	235.7
k141_565155_length_2399_cov_5.5797_2	iYS854.USA300HOU_RS11545	41.8	239	127	2	2	235	5	236	3.8e-46	182.2
k141_565155_length_2399_cov_5.5797_2	STM_v1_0.STM4570	41.4	232	132	2	2	232	3	231	5.2e-43	171.8
k141_565155_length_2399_cov_5.5797_2	iSDY_1059.SDY_4644	40.9	232	133	2	2	232	3	231	9.8e-42	167.5
k141_565155_length_2399_cov_5.5797_2	iSF_1195.SF4416	40.9	232	133	2	2	232	3	231	9.8e-42	167.5
k141_565155_length_2399_cov_5.5797_2	iML1515.b4384	40.9	232	133	2	2	232	3	231	1.3e-41	167.2
k141_565155_length_2399_cov_5.5797_2	iSbBS512_1146.SbBS512_E4931	40.9	232	133	2	2	232	3	231	1.3e-41	167.2
k141_565155_length_2399_cov_5.5797_2	iSSON_1240.SSON_4535	40.9	232	133	2	2	232	3	231	1.3e-41	167.2
k141_565155_length_2399_cov_5.5797_2	iPC815.YPO0440	39.8	231	137	1	2	232	3	231	2.8e-41	166.0
k141_565155_length_2399_cov_5.5797_2	iYO844.BSU19630	41.8	232	130	3	1	231	1	228	8.3e-41	164.5
k141_382161_length_2397_cov_5.0000_1	iYS854.USA300HOU_RS06160	46.1	141	75	1	1	141	2	141	3.9e-30	128.3
k141_382161_length_2397_cov_5.0000_3	STM_v1_0.STM2555	53.0	406	188	2	8	411	11	415	1.7e-121	433.3
k141_382161_length_2397_cov_5.0000_3	iIT341.HP0183	52.9	403	189	1	9	411	9	410	9.2e-120	427.6
k141_382161_length_2397_cov_5.0000_3	iJN1463.PP_0671	51.2	408	197	2	5	411	8	414	9.2e-120	427.6
k141_382161_length_2397_cov_5.0000_3	iYL1228.KPN_02876	52.5	406	190	2	8	411	11	415	1.2e-119	427.2
k141_382161_length_2397_cov_5.0000_3	iSSON_1240.SSON_2634	52.5	406	190	2	8	411	11	415	2.0e-119	426.4
k141_382161_length_2397_cov_5.0000_3	iML1515.b2551	52.2	406	191	2	8	411	11	415	4.6e-119	425.2
k141_382161_length_2397_cov_5.0000_3	iSbBS512_1146.SbBS512_E2916	52.2	406	191	2	8	411	11	415	4.6e-119	425.2
k141_382161_length_2397_cov_5.0000_3	iSF_1195.SF2598	52.2	406	191	2	8	411	11	415	4.6e-119	425.2
k141_382161_length_2397_cov_5.0000_3	iSDY_1059.SDY_2741	52.0	406	192	2	8	411	11	415	1.3e-118	423.7
k141_382161_length_2397_cov_5.0000_3	iJN1463.PP_0322	51.2	406	195	3	8	411	11	415	3.9e-118	422.2
k141_382161_length_2397_cov_5.0000_3	iCN718.ABAYE_RS06300	50.4	409	200	3	5	411	7	414	1.6e-116	416.8
k141_382161_length_2397_cov_5.0000_3	iYS854.USA300HOU_RS11410	52.7	408	191	2	5	411	4	410	3.6e-116	415.6
k141_382161_length_2397_cov_5.0000_3	iLJ478.TM0720	49.0	418	205	4	1	411	1	417	3.1e-115	412.5
k141_382161_length_2397_cov_5.0000_3	iSynCJ816.SGL_RS04690	50.5	404	198	2	9	411	13	415	6.8e-115	411.4
k141_382161_length_2397_cov_5.0000_3	iAF692.Mbar_A2316	51.0	404	196	2	9	411	8	410	7.5e-114	407.9
k141_382161_length_2397_cov_5.0000_3	iPC815.YPO2907	49.8	406	201	2	8	411	11	415	4.9e-113	405.2
k141_382161_length_2397_cov_5.0000_3	iYO844.BSU36900	48.5	412	209	3	3	413	2	411	1.0e-110	397.5
k141_382161_length_2397_cov_5.0000_3	iAF987.Gmet_1605	48.6	405	205	3	8	411	7	409	6.6e-110	394.8
k141_382161_length_2397_cov_5.0000_3	iCN900.CD630_27260	50.6	387	188	3	1	386	1	385	1.2e-108	390.6
k141_264807_length_2381_cov_7.0000_1	iYS854.USA300HOU_RS04775	29.6	324	220	2	15	338	17	332	4.2e-34	142.9
k141_824509_length_2370_cov_7.9341_1	iYS854.USA300HOU_RS03230	37.8	283	162	5	2	276	277	553	6.6e-50	194.9
k141_248850_length_2350_cov_4.6763_1	iHN637.CLJU_RS08925	38.7	75	43	1	1	72	359	433	1.7e-08	55.5
k141_248850_length_2350_cov_4.6763_1	iNF517.LLMG_RS05380	43.5	62	35	0	1	62	357	418	2.9e-08	54.7
k141_248850_length_2350_cov_4.6763_2	iYS854.USA300HOU_RS00730	50.5	212	105	0	1	212	1	212	4.4e-57	218.4
k141_248850_length_2350_cov_4.6763_2	iYS854.USA300HOU_RS11540	49.5	212	107	0	1	212	1	212	1.6e-54	209.9
k141_248850_length_2350_cov_4.6763_2	iHN637.CLJU_RS08910	50.9	214	104	1	1	213	1	214	2.1e-54	209.5
k141_248850_length_2350_cov_4.6763_2	iNF517.LLMG_RS05390	48.6	218	112	0	1	218	1	218	1.3e-53	206.8
k141_248850_length_2350_cov_4.6763_2	iCN900.CD630_15020	51.5	206	99	1	5	210	6	210	8.1e-51	197.6
k141_248850_length_2350_cov_4.6763_3	iHN637.CLJU_RS01135	55.1	205	90	1	5	209	7	209	1.9e-60	229.6
k141_248850_length_2350_cov_4.6763_3	iYS854.USA300HOU_RS11405	52.4	208	97	1	2	209	4	209	2.7e-59	225.7
k141_248850_length_2350_cov_4.6763_3	iYO844.BSU36890	51.0	208	100	1	2	209	4	209	6.6e-58	221.1
k141_248850_length_2350_cov_4.6763_3	iCN900.CD630_34790	55.4	204	89	1	6	209	8	209	5.6e-57	218.0
k141_248850_length_2350_cov_4.6763_3	iNF517.LLMG_RS10940	51.4	208	97	2	4	209	6	211	4.7e-56	214.9
k141_2338692_length_2341_cov_6.0000_2	iCN900.CD630_07940	33.5	245	151	2	24	256	6	250	5.1e-28	122.1
k141_261463_length_2337_cov_9.0000_2	iYO844.BSU17890	37.2	666	388	13	6	644	4	666	8.3e-112	401.7
k141_836868_length_2303_cov_5.0000_3	iYO844.BSU00380	45.0	447	234	3	1	440	5	446	2.7e-113	406.4
k141_836868_length_2303_cov_5.0000_3	iNF517.LLMG_RS08860	41.7	492	271	6	1	483	4	488	5.8e-108	388.7
k141_836868_length_2303_cov_5.0000_3	iYS854.USA300HOU_RS02505	39.8	503	283	6	2	493	4	497	4.3e-103	372.5
k141_2459116_length_2232_cov_5.7212_2	iML1515.b0822	31.0	87	59	1	203	289	184	269	2.6e-05	47.0
k141_2459116_length_2232_cov_5.7212_2	iSbBS512_1146.SbBS512_E2526	31.0	87	59	1	203	289	184	269	2.6e-05	47.0
k141_2459116_length_2232_cov_5.7212_2	iSF_1195.SF0772	31.0	87	59	1	203	289	184	269	2.6e-05	47.0
k141_2459116_length_2232_cov_5.7212_2	iSSON_1240.SSON_0804	31.0	87	59	1	203	289	184	269	2.6e-05	47.0
k141_2459116_length_2232_cov_5.7212_2	STM_v1_0.STM0842	32.2	87	58	1	203	289	184	269	1.3e-04	44.7
k141_2459116_length_2232_cov_5.7212_2	STM_v1_0.STM0840	31.3	83	56	1	203	285	152	233	3.7e-04	43.1
k141_1542026_length_2196_cov_5.5036_1	iCN900.CD630_30910	27.5	251	164	8	36	277	311	552	1.5e-09	60.8
k141_1542026_length_2196_cov_5.5036_3	iYS854.USA300HOU_RS06465	30.7	212	117	4	22	233	3	184	6.7e-14	75.1
k141_2338682_length_2045_cov_5.4527_1	iYS854.USA300HOU_RS08675	42.3	588	289	11	5	550	7	586	1.9e-125	446.8
k141_2338682_length_2045_cov_5.4527_1	iNF517.LLMG_RS11115	41.3	584	301	11	5	550	6	585	9.3e-120	427.9
k141_2338682_length_2045_cov_5.4527_1	iCN900.CD630_27390	39.9	589	308	9	2	551	9	590	9.9e-114	407.9
k141_2338682_length_2045_cov_5.4527_1	iLJ478.TM1441	39.7	587	309	12	1	552	2	578	2.2e-113	406.8
k141_238116_length_1915_cov_3.5028_3	iCN900.CD630_34680	78.7	348	74	0	1	348	113	460	1.6e-157	552.7
k141_238116_length_1915_cov_3.5028_3	iHN637.CLJU_RS01190	75.5	351	85	1	1	351	112	461	2.5e-150	528.9
k141_238116_length_1915_cov_3.5028_3	iAF987.Gmet_3406	73.8	351	92	0	1	351	118	468	1.0e-148	523.5
k141_238116_length_1915_cov_3.5028_3	iYO844.BSU36810	73.8	351	92	0	1	351	119	469	2.3e-148	522.3
k141_238116_length_1915_cov_3.5028_3	iYS854.USA300HOU_RS11360	73.0	348	94	0	1	348	116	463	7.5e-147	517.3
k141_238116_length_1915_cov_3.5028_3	iNF517.LLMG_RS09735	70.7	351	103	0	1	351	117	467	2.3e-143	505.8
k141_238116_length_1915_cov_3.5028_3	iAT_PLT_636.506	71.4	357	96	1	1	351	167	523	1.6e-141	499.6
k141_238116_length_1915_cov_3.5028_3	iMM1415.11947	71.4	357	96	1	1	351	167	523	2.8e-141	498.8
k141_238116_length_1915_cov_3.5028_3	iCHOv1.100763024	71.4	357	96	1	1	351	172	528	4.7e-141	498.0
k141_238116_length_1915_cov_3.5028_3	iMM904.YJR121W	71.1	356	98	1	1	351	151	506	4.7e-141	498.0
k141_653686_length_1906_cov_5.0000_3	iYL1228.KPN_00961	66.0	53	18	0	1	53	409	461	4.1e-18	87.0
k141_653686_length_1906_cov_5.0000_3	STM_v1_0.STM1000	66.0	53	18	0	1	53	409	461	4.1e-18	87.0
k141_653686_length_1906_cov_5.0000_3	iSbBS512_1146.SbBS512_E2388	66.0	53	18	0	1	53	409	461	4.1e-18	87.0
k141_653686_length_1906_cov_5.0000_3	iSDY_1059.SDY_2327	66.0	53	18	0	1	53	409	461	4.1e-18	87.0
k141_653686_length_1906_cov_5.0000_3	iSF_1195.SF0927	66.0	53	18	0	1	53	409	461	4.1e-18	87.0
k141_653686_length_1906_cov_5.0000_3	iSSON_1240.SSON_0933	66.0	53	18	0	1	53	409	461	4.1e-18	87.0
k141_653686_length_1906_cov_5.0000_3	iPC815.YPO1412	66.0	53	18	0	1	53	409	461	4.1e-18	87.0
k141_653686_length_1906_cov_5.0000_3	iCN900.CD630_22450	64.2	53	19	0	1	53	408	460	7.1e-18	86.3
k141_653686_length_1906_cov_5.0000_3	iSynCJ816.SGL_RS16775	66.0	53	18	0	1	53	405	457	7.1e-18	86.3
k141_653686_length_1906_cov_5.0000_3	iAF987.Gmet_2412	66.0	53	18	0	1	53	404	456	1.2e-17	85.5
k141_2559712_length_1898_cov_6.0000_1	iYS854.USA300HOU_RS09335	44.5	524	271	8	1	513	288	802	2.4e-122	436.4
k141_2559712_length_1898_cov_6.0000_1	iNF517.LLMG_RS08750	41.6	553	269	9	1	513	289	827	8.1e-118	421.4
k141_1515784_length_1894_cov_7.0000_1	iAT_PLT_636.4905	32.1	252	149	5	212	450	224	466	5.5e-27	119.8
k141_1515784_length_1894_cov_7.0000_1	iMM1415.18195	32.1	252	149	5	212	450	224	466	5.5e-27	119.8
k141_322083_length_1875_cov_3.1661_1	iYO844.BSU19230	27.4	175	102	5	1	155	1	170	4.4e-11	65.5
k141_322083_length_1875_cov_3.1661_1	iNF517.LLMG_RS02035	26.7	210	130	7	1	197	1	199	8.2e-10	61.2
k141_322083_length_1875_cov_3.1661_2	iJN1463.PP_3720	25.4	122	69	3	3	102	4	125	5.2e-06	48.5
k141_1547054_length_1875_cov_5.3333_1	iYS854.USA300HOU_RS05420	29.7	212	134	6	7	212	3	205	2.0e-23	106.7
k141_1547054_length_1875_cov_5.3333_2	iYO844.BSU37150	47.0	313	164	2	3	314	2	313	1.7e-78	290.0
k141_1547054_length_1875_cov_5.3333_2	iHN637.CLJU_RS01075	45.7	315	169	2	1	314	1	314	1.9e-77	286.6
k141_1547054_length_1875_cov_5.3333_2	iYS854.USA300HOU_RS11480	47.5	314	162	3	3	314	2	314	2.5e-77	286.2
k141_1547054_length_1875_cov_5.3333_2	iSynCJ816.SGL_RS10805	44.7	313	171	2	3	314	2	313	1.2e-76	283.9
k141_1547054_length_1875_cov_5.3333_2	iAF987.Gmet_1276	43.5	315	175	2	1	314	1	313	4.1e-72	268.9
k141_1547054_length_1875_cov_5.3333_2	STM_v1_0.STM2953	45.1	315	169	3	1	314	1	312	1.2e-71	267.3
k141_1547054_length_1875_cov_5.3333_2	iML1515.b2780	44.8	315	170	3	1	314	1	312	1.6e-71	266.9
k141_1547054_length_1875_cov_5.3333_2	iSbBS512_1146.SbBS512_E3093	44.8	315	170	3	1	314	1	312	1.6e-71	266.9
k141_1547054_length_1875_cov_5.3333_2	iSDY_1059.SDY_2997	44.8	315	170	3	1	314	1	312	1.6e-71	266.9
k141_1547054_length_1875_cov_5.3333_2	iSF_1195.SF2795	44.8	315	170	3	1	314	1	312	1.6e-71	266.9
k141_1547054_length_1875_cov_5.3333_2	iSSON_1240.SSON_2937	44.8	315	170	3	1	314	1	312	1.6e-71	266.9
k141_1547054_length_1875_cov_5.3333_2	iJN1463.PP_1610	43.1	313	174	3	3	314	2	311	2.6e-71	266.2
k141_1547054_length_1875_cov_5.3333_2	iYL1228.KPN_03124	44.4	315	171	3	1	314	1	312	1.0e-70	264.2
k141_1547054_length_1875_cov_5.3333_2	iPC815.YPO3377	44.4	315	171	3	1	314	1	312	1.7e-70	263.5
k141_2515353_length_1863_cov_4.9489_2	iCN900.CD630_07540	31.6	244	158	4	5	239	6	249	2.6e-32	136.3
k141_2237765_length_1816_cov_8.9988_1	iMM904.YDR135C	35.7	70	45	0	2	71	1271	1340	5.3e-09	57.4
k141_2237765_length_1816_cov_8.9988_1	iYO844.BSU30420	34.2	79	51	1	11	88	16	94	9.0e-09	56.6
k141_2237765_length_1816_cov_8.9988_1	iCN900.CD630_17760	39.1	87	49	2	3	89	2	84	9.0e-09	56.6
k141_2237765_length_1816_cov_8.9988_1	iLJ478.TM1219	35.0	80	52	0	10	89	16	95	1.2e-08	56.2
k141_2237765_length_1816_cov_8.9988_1	iYS854.USA300HOU_RS02325	30.7	88	59	1	3	88	2	89	3.4e-08	54.7
k141_2237765_length_1816_cov_8.9988_1	iCN900.CD630_35330	35.4	96	52	3	3	88	6	101	5.9e-08	53.9
k141_2237765_length_1816_cov_8.9988_1	iNF517.LLMG_RS06730	36.2	69	44	0	3	71	6	74	5.9e-08	53.9
k141_2237765_length_1816_cov_8.9988_1	iCHOv1.100689220	35.7	70	45	0	2	71	1298	1367	7.7e-08	53.5
k141_2237765_length_1816_cov_8.9988_2	iNF517.LLMG_RS02010	36.8	310	192	3	3	311	7	313	6.3e-52	201.8
k141_2237765_length_1816_cov_8.9988_2	iYS854.USA300HOU_RS14100	34.0	306	198	3	3	307	7	309	1.6e-47	187.2
k141_2237765_length_1816_cov_8.9988_3	iYO844.BSU31350	27.5	149	92	4	15	158	290	427	1.5e-07	53.5
k141_2334740_length_1808_cov_5.0000_2	iLJ478.TM0688	56.5	170	71	2	4	171	2	170	4.1e-50	194.9
k141_2334740_length_1808_cov_5.0000_2	iCN900.CD630_31740	54.4	169	75	2	5	172	3	170	2.9e-48	188.7
k141_2334740_length_1808_cov_5.0000_2	iAF987.Gmet_1946	54.4	169	75	2	5	172	4	171	7.3e-47	184.1
k141_2334740_length_1808_cov_5.0000_2	iYS854.USA300HOU_RS04185	55.7	167	73	1	5	171	4	169	9.5e-47	183.7
k141_2334740_length_1808_cov_5.0000_2	iYO844.BSU29020	51.5	171	81	2	3	172	2	171	2.3e-45	179.1
k141_196061_length_1770_cov_5.0000_1	iYS854.USA300HOU_RS02395	34.8	92	55	1	2	88	5	96	1.4e-10	63.9
k141_196061_length_1770_cov_5.0000_1	iCN900.CD630_30910	28.1	196	122	4	5	194	6	188	1.6e-09	60.5
k141_81140_length_1752_cov_7.6872_3	iHN637.CLJU_RS19260	49.6	133	61	4	2	129	379	510	1.3e-27	119.8
k141_81140_length_1752_cov_7.6872_3	iYS854.USA300HOU_RS04200	45.4	130	67	3	1	127	375	503	6.3e-27	117.5
k141_81140_length_1752_cov_7.6872_3	iYO844.BSU33910	48.3	120	60	2	11	129	393	511	1.4e-26	116.3
k141_81140_length_1752_cov_7.6872_3	iJN1463.PP_5056	48.9	133	62	5	1	128	378	509	1.8e-26	115.9
k141_81140_length_1752_cov_7.6872_3	iAF987.Gmet_3203	47.0	132	64	3	1	127	379	509	3.1e-26	115.2
k141_81140_length_1752_cov_7.6872_3	iCN900.CD630_31710	45.6	136	66	4	1	129	376	510	5.3e-26	114.4
k141_81140_length_1752_cov_7.6872_3	iSynCJ816.SGL_RS12450	50.0	126	51	3	13	127	390	514	4.5e-25	111.3
k141_1028500_length_1725_cov_5.9962_1	iSynCJ816.SGL_RS18020	43.2	542	301	6	2	539	265	803	2.3e-131	466.5
k141_1028500_length_1725_cov_5.9962_1	iLB1027_lipid.PHATRDRAFT_36257	39.6	579	301	9	5	540	262	834	2.1e-124	443.4
k141_177154_length_1717_cov_5.4499_1	iLJ478.TM0421	39.3	267	151	5	272	529	94	358	4.1e-40	163.3
k141_177154_length_1717_cov_5.4499_1	iYS854.USA300HOU_RS01090	36.8	253	142	4	292	529	115	364	9.4e-37	152.1
k141_177154_length_1717_cov_5.4499_1	iEK1008.Rv2832c	44.3	192	102	2	290	478	114	303	3.6e-36	150.2
k141_177154_length_1717_cov_5.4499_1	iCN900.CD630_34170	38.4	263	140	6	270	530	93	335	1.4e-35	148.3
k141_177154_length_1717_cov_5.4499_1	iEK1008.Rv1238	56.3	135	59	0	288	422	111	245	2.3e-35	147.5
k141_49578_length_1680_cov_3.8791_1	iCN900.CD630_25030	41.5	535	262	11	1	520	289	787	1.2e-101	367.9
k141_49578_length_1680_cov_3.8791_1	iCN900.CD630_18240	37.7	557	300	11	1	545	287	808	2.6e-93	340.1
k141_609985_length_1668_cov_5.0000_1	iCN718.ABAYE_RS13845	35.4	99	64	0	2	100	5	103	2.7e-09	58.5
k141_2180421_length_1661_cov_3.9941_3	iYO844.BSU00380	48.6	173	82	2	2	167	3	175	6.4e-40	161.0
k141_2180421_length_1661_cov_3.9941_3	iNF517.LLMG_RS08860	46.8	173	86	2	1	167	1	173	4.1e-39	158.3
k141_2180421_length_1661_cov_3.9941_3	iYS854.USA300HOU_RS02505	45.6	171	83	2	5	167	4	172	2.3e-37	152.5
k141_2345924_length_1648_cov_6.0000_1	iYS854.USA300HOU_RS05995	42.1	478	274	2	6	481	2	478	9.3e-116	414.5
k141_2345924_length_1648_cov_6.0000_1	iNF517.LLMG_RS10255	40.3	474	282	1	8	481	4	476	1.1e-108	391.0
k141_2345924_length_1648_cov_6.0000_1	iLJ478.TM1361	40.2	465	269	4	6	466	2	461	2.1e-107	386.7
k141_2345924_length_1648_cov_6.0000_2	iHN637.CLJU_RS01075	43.3	60	29	1	4	63	479	533	8.8e-09	56.2
k141_2345924_length_1648_cov_6.0000_2	iAF987.Gmet_1276	45.1	51	28	0	1	51	475	525	8.8e-09	56.2
k141_2345924_length_1648_cov_6.0000_2	iMM904.YBL039C	39.0	59	36	0	1	59	503	561	2.5e-08	54.7
k141_2345924_length_1648_cov_6.0000_2	iYO844.BSU37150	42.6	47	27	0	5	51	479	525	1.7e-07	52.0
k141_2345924_length_1648_cov_6.0000_2	iMM904.YJR103W	46.8	47	25	0	1	47	505	551	2.2e-07	51.6
k141_409083_length_1638_cov_4.6239_1	iYS854.USA300HOU_RS05725	34.8	92	59	1	6	96	5	96	9.9e-12	66.6
k141_409083_length_1638_cov_4.6239_1	iMM904.YGR209C	39.4	71	43	0	22	92	23	93	1.7e-11	65.9
k141_409083_length_1638_cov_4.6239_1	iMM904.YCR083W	39.7	73	44	0	20	92	45	117	1.7e-11	65.9
k141_416183_length_1620_cov_3.0000_2	iJN1463.PP_0391	42.0	119	60	2	11	128	4	114	8.6e-16	81.3
k141_362641_length_1597_cov_4.0000_1	iNF517.LLMG_RS10795	59.6	47	19	0	1	47	348	394	6.9e-12	66.2
k141_362641_length_1597_cov_4.0000_1	iEK1008.Rv1392	57.4	47	20	0	1	47	354	400	3.4e-11	63.9
k141_362641_length_1597_cov_4.0000_1	iYO844.BSU30550	55.3	47	21	0	1	47	348	394	5.9e-11	63.2
k141_362641_length_1597_cov_4.0000_1	iCN900.CD630_01300	53.2	47	22	0	1	47	345	391	7.7e-11	62.8
k141_362641_length_1597_cov_4.0000_1	iHN637.CLJU_RS01260	51.0	49	24	0	1	49	342	390	1.3e-10	62.0
k141_362641_length_1597_cov_4.0000_1	iYS854.USA300HOU_RS09495	52.9	51	24	0	1	51	347	397	1.3e-10	62.0
k141_1599184_length_1580_cov_2.3162_1	iNF517.LLMG_RS03735	57.2	290	120	3	14	299	134	423	2.5e-90	329.3
k141_1599184_length_1580_cov_2.3162_1	iCN900.CD630_00140	57.6	278	115	3	18	292	140	417	6.7e-88	321.2
k141_1599184_length_1580_cov_2.3162_1	iSynCJ816.SGL_RS05225	58.9	280	110	4	17	292	147	425	1.9e-87	319.7
k141_1599184_length_1580_cov_2.3162_1	iHN637.CLJU_RS00085	55.1	285	125	3	18	299	142	426	7.4e-87	317.8
k141_1599184_length_1580_cov_2.3162_1	iAF987.Gmet_3528	55.8	285	123	3	17	298	137	421	4.8e-86	315.1
k141_1599184_length_1580_cov_2.3162_1	iAF692.Mbar_A0541	55.1	283	124	3	16	298	165	444	4.1e-85	312.0
k141_1599184_length_1580_cov_2.3162_1	iCN718.ABAYE_RS04335	54.2	288	129	3	15	299	136	423	2.6e-84	309.3
k141_1599184_length_1580_cov_2.3162_1	iYS854.USA300HOU_RS00045	53.2	284	130	3	18	298	140	423	1.7e-83	306.6
k141_1599184_length_1580_cov_2.3162_2	iSynCJ816.SGL_RS16775	40.3	236	126	6	1	222	1	235	1.5e-41	166.8
k141_1599184_length_1580_cov_2.3162_2	iCN900.CD630_22450	40.1	237	123	6	4	222	3	238	2.0e-41	166.4
k141_1599184_length_1580_cov_2.3162_2	iAF987.Gmet_2412	38.4	229	130	3	5	222	6	234	1.0e-37	154.1
k141_933068_length_1579_cov_5.1293_1	iCN900.CD630_01010	37.4	139	85	2	1	137	147	285	3.7e-20	95.1
k141_933068_length_1579_cov_5.1293_1	iAF692.Mbar_A2149	37.8	135	81	2	1	133	142	275	1.4e-19	93.2
k141_933068_length_1579_cov_5.1293_2	iYS854.USA300HOU_RS12025	34.7	300	162	4	2	301	3	268	4.4e-34	142.5
k141_2043081_length_1571_cov_3.7021_1	iYS854.USA300HOU_RS07350	26.1	245	137	7	69	299	131	345	5.4e-10	63.2
k141_1692777_length_1514_cov_7.0000_1	iAM_Pf480.PF3D7_1439900	39.7	247	136	7	1	237	1	244	2.4e-35	146.4
k141_1692777_length_1514_cov_7.0000_1	iAM_Pb448.PBANKA_130380	40.6	249	131	8	1	237	1	244	1.5e-34	143.7
k141_1692777_length_1514_cov_7.0000_1	iAM_Pv461.PVX_118495	38.2	249	137	6	1	237	1	244	5.8e-34	141.7
k141_1692777_length_1514_cov_7.0000_1	iSynCJ816.SGL_RS13180	33.5	239	155	3	3	238	2	239	9.9e-34	141.0
k141_1692777_length_1514_cov_7.0000_1	iAM_Pc455.PCYB_127520	36.1	241	138	5	1	229	1	237	4.2e-32	135.6
k141_1692777_length_1514_cov_7.0000_1	iCN900.CD630_31720	33.1	248	151	4	3	238	2	246	7.1e-32	134.8
k141_517136_length_1500_cov_4.3856_1	iYS854.USA300HOU_RS06160	34.9	458	281	6	2	450	99	548	2.1e-77	287.0
k141_2582917_length_1500_cov_8.0000_1	iCN900.CD630_25030	37.2	336	188	5	21	354	14	328	9.7e-46	181.4
k141_2582917_length_1500_cov_8.0000_1	iAM_Pb448.PBANKA_020700	38.9	337	180	8	28	351	27	350	3.4e-43	172.9
k141_2582917_length_1500_cov_8.0000_1	iCN900.CD630_18240	35.3	329	186	3	26	354	25	326	1.0e-42	171.4
k141_2582917_length_1500_cov_8.0000_1	iYO844.BSU15650	34.5	342	195	4	14	354	8	321	1.3e-42	171.0
k141_2582917_length_1500_cov_8.0000_1	iAM_Pv461.PVX_081455	36.8	345	190	7	21	351	20	350	1.7e-42	170.6
k141_2582917_length_1500_cov_8.0000_1	iAM_Pc455.PCYB_021770	37.2	347	186	8	21	351	20	350	2.2e-42	170.2
k141_2438175_length_1498_cov_9.0000_1	iYS854.USA300HOU_RS04890	31.2	269	167	5	41	308	50	301	5.9e-27	119.0
k141_2080458_length_1477_cov_6.0000_1	iCN900.CD630_31740	59.7	77	31	0	1	77	257	333	1.3e-19	92.4
k141_2080458_length_1477_cov_6.0000_1	iYS854.USA300HOU_RS04185	57.1	77	33	0	1	77	258	334	3.8e-19	90.9
k141_2080458_length_1477_cov_6.0000_2	iAM_Pv461.PVX_085660	29.3	259	167	5	3	249	77	331	9.2e-22	101.3
k141_241162_length_1473_cov_4.6441_2	iEK1008.Rv1330c	26.3	236	149	5	66	295	112	328	1.4e-09	61.2
k141_2466468_length_1460_cov_7.0000_1	iSbBS512_1146.SbBS512_E0599	27.9	305	179	6	2	289	201	481	2.5e-26	117.1
k141_2466468_length_1460_cov_7.0000_1	iML1515.b0650	27.5	305	180	6	2	289	201	481	5.7e-26	115.9
k141_2466468_length_1460_cov_7.0000_1	iSSON_1240.SSON_0604	27.5	305	180	6	2	289	201	481	7.4e-26	115.5
k141_2466468_length_1460_cov_7.0000_1	STM_v1_0.STM0659	28.9	294	188	7	2	288	201	480	4.8e-25	112.8
k141_992130_length_1448_cov_4.6618_2	iIT341.HP1337	40.6	133	79	0	2	134	12	144	1.4e-23	107.8
k141_992130_length_1448_cov_4.6618_2	iYO844.BSU25640	32.4	188	117	4	2	182	3	187	2.7e-22	103.6
k141_992130_length_1448_cov_4.6618_2	iHN637.CLJU_RS03645	30.8	201	120	5	1	182	2	202	8.6e-21	98.6
k141_451461_length_1405_cov_9.9502_2	iCN900.CD630_09270	24.3	226	121	8	17	199	138	356	3.0e-07	52.8
k141_423073_length_1385_cov_8.7958_1	iNF517.LLMG_RS02055	38.2	395	224	6	16	396	29	417	7.5e-71	265.0
k141_423073_length_1385_cov_8.7958_1	iYS854.USA300HOU_RS09175	39.3	397	215	9	16	396	31	417	4.9e-70	262.3
k141_423073_length_1385_cov_8.7958_1	iSbBS512_1146.SbBS512_E1829	37.5	395	224	8	18	396	34	421	4.1e-69	259.2
k141_423073_length_1385_cov_8.7958_1	iSSON_1240.SSON_1519	37.5	395	224	8	18	396	34	421	4.1e-69	259.2
k141_423073_length_1385_cov_8.7958_1	STM_v1_0.STM1449	37.7	395	223	8	18	396	34	421	7.0e-69	258.5
k141_423073_length_1385_cov_8.7958_1	iSDY_1059.SDY_1860	37.2	395	225	8	18	396	34	421	2.0e-68	256.9
k141_423073_length_1385_cov_8.7958_1	iYL1228.KPN_01975	37.0	395	226	8	18	396	38	425	3.5e-68	256.1
k141_423073_length_1385_cov_8.7958_1	iPC815.YPO2369	35.4	395	232	8	18	396	34	421	1.2e-63	241.1
k141_423073_length_1385_cov_8.7958_1	iSF_1195.SF1662	35.9	395	230	8	18	396	34	421	2.0e-63	240.4
k141_572887_length_1353_cov_5.0000_1	iYS854.USA300HOU_RS10340	33.0	397	257	4	1	390	208	602	2.3e-57	220.3
k141_1980291_length_1336_cov_2.0042_1	iCN900.CD630_22450	40.9	298	157	6	4	283	3	299	3.0e-58	222.6
k141_1980291_length_1336_cov_2.0042_1	iSynCJ816.SGL_RS16775	41.2	296	159	6	1	282	1	295	6.4e-56	214.9
k141_1980291_length_1336_cov_2.0042_1	iPC815.YPO1412	41.3	269	140	5	18	269	19	286	9.5e-52	201.1
k141_1980291_length_1336_cov_2.0042_2	iNF517.LLMG_RS03735	61.3	155	60	0	1	155	269	423	9.0e-52	200.3
k141_1980291_length_1336_cov_2.0042_2	iAF692.Mbar_A0541	61.0	154	59	1	1	154	292	444	2.5e-49	192.2
k141_1980291_length_1336_cov_2.0042_2	iJN1463.PP_4000	56.1	155	67	1	1	154	271	425	2.0e-46	182.6
k141_894455_length_1330_cov_1.9790_1	iSynCJ816.SGL_RS05225	51.6	254	121	2	70	321	76	329	7.6e-66	248.1
k141_894455_length_1330_cov_1.9790_1	iCN900.CD630_00140	53.3	225	98	4	101	321	101	322	1.8e-62	236.9
k141_894455_length_1330_cov_1.9790_1	iHN637.CLJU_RS00085	54.0	224	100	3	100	321	102	324	8.7e-62	234.6
k141_894455_length_1330_cov_1.9790_1	iYS854.USA300HOU_RS00045	45.9	266	141	3	58	321	58	322	1.3e-60	230.7
k141_1115499_length_1300_cov_2.0000_1	iSynCJ816.SGL_RS05125	28.0	132	69	4	4	133	20	127	1.4e-04	43.9
k141_838793_length_1287_cov_3.0000_2	iYS854.USA300HOU_RS10340	32.0	103	62	4	1	97	564	664	4.7e-06	47.8
k141_838793_length_1287_cov_3.0000_2	iYL1228.KPN_02758	37.5	72	44	1	23	93	598	669	1.1e-05	46.6
k141_838793_length_1287_cov_3.0000_2	iML1515.b2411	37.5	72	44	1	23	93	598	669	1.4e-05	46.2
k141_838793_length_1287_cov_3.0000_2	iSDY_1059.SDY_2608	37.5	72	44	1	23	93	598	669	1.4e-05	46.2
k141_838793_length_1287_cov_3.0000_2	iSF_1195.SF2466	37.5	72	44	1	23	93	598	669	1.4e-05	46.2
k141_838793_length_1287_cov_3.0000_2	iSSON_1240.SSON_2500	37.5	72	44	1	23	93	598	669	1.4e-05	46.2
k141_838793_length_1287_cov_3.0000_2	STM_v1_0.STM2427	37.5	72	44	1	23	93	598	669	1.8e-05	45.8
k141_380959_length_1265_cov_2.0000_1	iEK1008.Rv0684	23.3	301	192	9	59	336	265	549	1.4e-11	68.2
k141_380959_length_1265_cov_2.0000_1	iSynCJ816.SGL_RS15140	25.4	232	145	7	56	277	254	467	3.2e-11	67.0
k141_2491365_length_1264_cov_4.3304_3	iAM_Pv461.PVX_080215	28.6	133	91	3	8	137	20	151	8.9e-06	47.4
k141_324153_length_1260_cov_6.6568_1	iYO844.BSU33910	47.2	426	207	6	2	413	1	422	7.8e-103	371.3
k141_324153_length_1260_cov_6.6568_1	iYS854.USA300HOU_RS04200	46.3	417	218	5	2	413	1	416	1.7e-102	370.2
k141_324153_length_1260_cov_6.6568_1	iAF692.Mbar_A1223	45.8	424	219	6	1	414	5	427	6.2e-100	361.7
k141_324153_length_1260_cov_6.6568_1	iCN900.CD630_31710	46.3	421	213	8	2	413	1	417	2.6e-98	356.3
k141_324153_length_1260_cov_6.6568_1	iHN637.CLJU_RS19260	45.5	424	214	10	2	413	1	419	1.3e-97	354.0
k141_560370_length_1233_cov_3.0000_2	iYO844.BSU30550	48.2	342	159	2	1	324	53	394	7.8e-90	327.8
k141_560370_length_1233_cov_3.0000_2	iCN900.CD630_01300	47.4	342	161	3	1	324	51	391	1.5e-88	323.6
k141_560370_length_1233_cov_3.0000_2	iNF517.LLMG_RS10795	48.5	344	156	5	1	324	52	394	2.5e-88	322.8
k141_560370_length_1233_cov_3.0000_2	iYS854.USA300HOU_RS09495	48.7	343	159	2	3	328	55	397	3.6e-87	318.9
k141_560370_length_1233_cov_3.0000_2	STM_v1_0.STM3090	49.8	333	155	4	1	325	51	379	1.1e-86	317.4
k141_560370_length_1233_cov_3.0000_2	iLJ478.TM1658	47.8	345	161	3	1	327	50	393	4.0e-86	315.5
k141_560370_length_1233_cov_3.0000_2	iIT341.HP0197	49.1	334	161	4	3	329	54	385	5.2e-86	315.1
k141_560370_length_1233_cov_3.0000_2	iYL1228.KPN_03375	50.3	326	150	4	1	318	51	372	5.8e-85	311.6
k141_560370_length_1233_cov_3.0000_2	iHN637.CLJU_RS01260	46.2	342	167	3	1	326	50	390	7.5e-85	311.2
k141_560370_length_1233_cov_3.0000_2	iML1515.b2942	48.9	333	158	4	1	325	51	379	7.5e-85	311.2
k141_560370_length_1233_cov_3.0000_2	iSDY_1059.SDY_3130	48.9	333	158	4	1	325	51	379	7.5e-85	311.2
k141_560370_length_1233_cov_3.0000_2	iSF_1195.SF2933	48.9	333	158	4	1	325	51	379	7.5e-85	311.2
k141_560370_length_1233_cov_3.0000_2	iSSON_1240.SSON_3096	48.9	333	158	4	1	325	51	379	7.5e-85	311.2
k141_560370_length_1233_cov_3.0000_2	iSbBS512_1146.SbBS512_E3374	48.9	333	158	4	1	325	51	379	1.3e-84	310.5
k141_560370_length_1233_cov_3.0000_2	iPC815.YPO0931	49.4	326	153	4	1	318	51	372	1.2e-82	303.9
k141_560370_length_1233_cov_3.0000_2	iCN718.ABAYE_RS10800	47.2	335	165	4	1	325	52	384	2.1e-82	303.1
k141_230344_length_1190_cov_3.6520_2	iCN900.CD630_04480	43.4	350	196	2	3	351	2	350	1.2e-83	307.4
k141_722483_length_1184_cov_4.8063_1	iAF987.Gmet_2444	34.8	92	59	1	80	171	21	111	3.0e-06	50.1
k141_2561546_length_1177_cov_4.8243_1	iAF987.Gmet_2349	38.5	286	172	2	52	336	289	571	1.5e-51	200.7
k141_2561546_length_1177_cov_4.8243_1	iCHOv1.100682535	43.5	246	139	0	91	336	388	633	1.2e-50	197.6
k141_2561546_length_1177_cov_4.8243_1	iMM1415.18670	43.4	242	137	0	91	332	385	626	1.6e-50	197.2
k141_2561546_length_1177_cov_4.8243_1	iYL1228.KPN_00941	41.6	255	147	2	84	337	329	582	4.0e-49	192.6
k141_2561546_length_1177_cov_4.8243_1	iPC815.YPO1395	38.9	311	177	6	33	337	279	582	9.9e-48	188.0
k141_2561546_length_1177_cov_4.8243_1	iML1515.b0914	40.8	255	149	2	84	337	329	582	1.7e-47	187.2
k141_2561546_length_1177_cov_4.8243_1	iSbBS512_1146.SbBS512_E2410	40.8	255	149	2	84	337	329	582	1.7e-47	187.2
k141_2561546_length_1177_cov_4.8243_1	iSDY_1059.SDY_2344	40.8	255	149	2	84	337	329	582	1.7e-47	187.2
k141_2561546_length_1177_cov_4.8243_1	iSF_1195.SF0910	40.8	255	149	2	84	337	329	582	1.7e-47	187.2
k141_2561546_length_1177_cov_4.8243_1	iSSON_1240.SSON_0916	40.8	255	149	2	84	337	329	582	1.7e-47	187.2
k141_2561546_length_1177_cov_4.8243_1	iCHOv1.100762480	38.1	286	173	2	52	333	1031	1316	2.2e-47	186.8
k141_2561546_length_1177_cov_4.8243_1	iJN1463.PP_4935	36.1	335	205	5	6	337	267	595	4.9e-47	185.7
k141_2561546_length_1177_cov_4.8243_1	STM_v1_0.STM0984	37.6	330	198	7	12	337	257	582	8.4e-47	184.9
k141_2089833_length_1119_cov_3.9325_1	iSSON_1240.SSON_2936	52.8	373	153	5	1	372	76	426	5.0e-101	365.2
k141_2089833_length_1119_cov_3.9325_1	iML1515.b2779	52.8	373	153	5	1	372	76	426	1.1e-100	364.0
k141_2089833_length_1119_cov_3.9325_1	iSbBS512_1146.SbBS512_E3094	52.8	373	153	5	1	372	76	426	1.1e-100	364.0
k141_2089833_length_1119_cov_3.9325_1	iSDY_1059.SDY_2996	52.8	373	153	5	1	372	76	426	1.1e-100	364.0
k141_2089833_length_1119_cov_3.9325_1	iSF_1195.SF2794	52.8	373	153	5	1	372	76	426	1.1e-100	364.0
k141_2089833_length_1119_cov_3.9325_1	STM_v1_0.STM2952	52.5	373	154	5	1	372	76	426	5.5e-100	361.7
k141_2089833_length_1119_cov_3.9325_1	iYL1228.KPN_03123	51.7	373	157	5	1	372	76	426	1.4e-98	357.1
k141_2089833_length_1119_cov_3.9325_1	iPC815.YPO3376	50.9	371	159	5	1	370	76	424	3.9e-98	355.5
k141_2089833_length_1119_cov_3.9325_1	iYO844.BSU33900	51.4	370	156	4	1	370	76	421	2.6e-97	352.8
k141_2089833_length_1119_cov_3.9325_1	iAF987.Gmet_2372	50.3	372	160	5	1	372	76	422	1.8e-95	346.7
k141_2089833_length_1119_cov_3.9325_1	iJN1463.PP_1612	50.1	369	160	4	4	371	79	424	3.1e-95	345.9
k141_2089833_length_1119_cov_3.9325_1	iLJ478.TM0877	51.1	370	155	5	1	370	75	418	3.5e-94	342.4
k141_2089833_length_1119_cov_3.9325_1	iHN637.CLJU_RS19255	48.9	376	160	5	1	373	79	425	8.5e-93	337.8
k141_2089833_length_1119_cov_3.9325_1	iYS854.USA300HOU_RS04205	49.7	372	163	6	1	370	76	425	5.5e-92	335.1
k141_2089833_length_1119_cov_3.9325_1	iNF517.LLMG_RS03215	48.8	373	170	4	1	373	76	427	1.2e-91	334.0
k141_2089833_length_1119_cov_3.9325_1	iCN900.CD630_31700	48.9	370	165	4	1	370	76	421	3.6e-91	332.4
k141_454853_length_1074_cov_5.0000_1	iCHOv1.100767722	29.1	179	86	7	36	177	22	196	9.1e-08	54.3
k141_1424935_length_1070_cov_3.9290_1	iCN900.CD630_19470	41.5	195	112	1	93	285	10	204	3.6e-35	146.0
k141_1424935_length_1070_cov_3.9290_1	iYO844.BSU30420	39.0	200	116	2	92	285	1	200	4.0e-34	142.5
k141_894943_length_1040_cov_2.2525_1	iSSON_1240.SSON_2936	58.2	239	94	3	1	237	1	235	4.2e-69	258.5
k141_894943_length_1040_cov_2.2525_1	iYO844.BSU33900	56.7	240	96	3	1	239	1	233	5.5e-69	258.1
k141_894943_length_1040_cov_2.2525_1	iML1515.b2779	58.2	239	94	3	1	237	1	235	9.4e-69	257.3
k141_894943_length_1040_cov_2.2525_1	iSbBS512_1146.SbBS512_E3094	58.2	239	94	3	1	237	1	235	9.4e-69	257.3
k141_894943_length_1040_cov_2.2525_1	iSDY_1059.SDY_2996	58.2	239	94	3	1	237	1	235	9.4e-69	257.3
k141_894943_length_1040_cov_2.2525_1	iSF_1195.SF2794	58.2	239	94	3	1	237	1	235	9.4e-69	257.3
k141_894943_length_1040_cov_2.2525_1	STM_v1_0.STM2952	57.3	239	96	3	1	237	1	235	4.7e-68	255.0
k141_894943_length_1040_cov_2.2525_1	iAF987.Gmet_2372	55.8	240	98	3	1	239	1	233	8.0e-68	254.2
k141_894943_length_1040_cov_2.2525_1	iYL1228.KPN_03123	56.5	239	98	3	1	237	1	235	5.2e-67	251.5
k141_894943_length_1040_cov_2.2525_1	iPC815.YPO3376	55.6	239	100	3	1	237	1	235	5.2e-67	251.5
k141_894943_length_1040_cov_2.2525_1	iCN900.CD630_31700	55.4	240	99	3	1	239	1	233	1.1e-64	243.8
k141_894943_length_1040_cov_2.2525_1	iLJ478.TM0877	54.2	238	101	3	3	239	2	232	1.1e-64	243.8
k141_894943_length_1040_cov_2.2525_1	iJN1463.PP_1612	52.7	239	107	3	1	237	1	235	1.8e-64	243.0
k141_894943_length_1040_cov_2.2525_1	iMM904.YHR174W	54.4	239	99	4	4	236	3	237	2.7e-63	239.2
k141_894943_length_1040_cov_2.2525_1	iHN637.CLJU_RS19255	51.7	238	107	3	3	239	6	236	1.7e-62	236.5
k141_894943_length_1040_cov_2.2525_1	iMM904.YGR254W	54.4	239	99	4	4	236	3	237	2.2e-62	236.1
k141_894943_length_1040_cov_2.2525_1	iNF517.LLMG_RS03215	53.8	238	102	3	1	237	1	231	3.8e-62	235.3
k141_894943_length_1040_cov_2.2525_1	iYS854.USA300HOU_RS04205	52.9	242	104	4	1	239	1	235	3.8e-62	235.3
k141_894943_length_1040_cov_2.2525_1	iIS312.TCDM_04067	53.2	235	104	2	4	236	3	233	6.5e-62	234.6
k141_894943_length_1040_cov_2.2525_1	iAF692.Mbar_A2850	53.6	237	101	3	3	237	14	243	8.5e-62	234.2
k141_658695_length_1040_cov_7.0000_1	iYS854.USA300HOU_RS08915	55.8	328	144	1	14	340	177	504	4.3e-107	385.2
k141_788983_length_1040_cov_4.8265_1	iCN900.CD630_01010	38.3	269	106	4	1	268	1	210	7.6e-43	171.4
k141_788983_length_1040_cov_4.8265_2	iYS854.USA300HOU_RS12035	39.0	77	47	0	1	77	193	269	7.0e-08	53.5
k141_788983_length_1040_cov_4.8265_2	iCN900.CD630_01000	32.9	85	52	2	1	80	193	277	1.3e-06	49.3
k141_788983_length_1040_cov_4.8265_2	STM_v1_0.STM2163	52.4	42	19	1	2	42	186	227	1.7e-06	48.9
k141_986527_length_1035_cov_5.1063_1	iCN900.CD630_33730	51.9	345	160	3	1	345	176	514	5.8e-96	348.2
k141_298482_length_1034_cov_5.0000_1	iLB1027_lipid.PHATRDRAFT_36257	54.4	296	124	3	2	286	3	298	9.4e-92	334.0
k141_298482_length_1034_cov_5.0000_1	iSynCJ816.SGL_RS18020	53.8	279	127	1	8	286	24	300	2.0e-89	326.2
