k141_212892_length_80268_cov_36.4834_7	iYS854.USA300HOU_RS10340	47.4	662	341	5	6	662	7	666	2.1e-171	599.7
k141_212892_length_80268_cov_36.4834_67	iLJ478.TM0252	31.2	93	62	2	1	92	1	92	3.1e-05	45.1
k141_212892_length_80268_cov_36.4834_67	iNF517.LLMG_RS00930	26.8	97	71	0	1	97	1	97	6.8e-05	43.9
k141_212892_length_80268_cov_36.4834_67	iAF987.Gmet_0076	33.0	97	57	2	3	95	2	94	2.0e-04	42.4
k141_212892_length_80268_cov_36.4834_68	iYS854.USA300HOU_RS10320	48.2	471	237	4	6	470	6	475	1.7e-122	436.8
k141_212892_length_80268_cov_36.4834_68	iNF517.LLMG_RS00935	46.4	472	248	4	1	468	1	471	2.8e-112	402.9
k141_212892_length_80268_cov_36.4834_69	iNF517.LLMG_RS00940	46.5	475	251	3	3	474	2	476	4.7e-112	402.1
k141_212892_length_80268_cov_36.4834_69	iYS854.USA300HOU_RS10315	45.4	467	254	1	8	473	7	473	6.8e-111	398.3
k141_212892_length_80268_cov_36.4834_71	iAF987.Gmet_1917	30.5	154	91	2	469	619	210	350	1.3e-09	62.4
k141_212892_length_80268_cov_36.4834_71	iML1515.b1794	26.9	156	96	5	536	677	175	326	3.7e-09	60.8
k141_212892_length_80268_cov_36.4834_73	iYS854.USA300HOU_RS03880	28.4	672	398	21	29	675	6	619	3.0e-51	200.7
k141_212892_length_80268_cov_36.4834_75	iYS854.USA300HOU_RS12505	30.2	281	166	8	233	510	53	306	1.4e-26	118.6
k141_212892_length_80268_cov_36.4834_77	iYS854.USA300HOU_RS06130	24.9	325	198	11	99	398	344	647	4.2e-07	53.9
k141_212892_length_80268_cov_36.4834_79	iML1515.b3628	29.4	136	86	4	569	698	158	289	1.0e-07	56.2
k141_212892_length_80268_cov_36.4834_79	STM_v1_0.STM3719	30.1	143	88	5	569	703	160	298	8.5e-07	53.1
k141_212892_length_80268_cov_36.4834_80	iSbBS512_1146.SbBS512_E4050	30.5	318	199	11	2	305	6	315	6.4e-22	102.1
k141_212892_length_80268_cov_36.4834_81	iAF987.Gmet_0885	27.0	304	220	2	2	305	3	304	2.0e-31	133.7
k141_212892_length_80268_cov_36.4834_81	iEK1008.Rv1500	28.7	307	206	4	4	305	2	300	1.7e-30	130.6
k141_212892_length_80268_cov_36.4834_81	iML1515.b2254	27.3	308	215	6	4	306	9	312	7.2e-29	125.2
k141_212892_length_80268_cov_36.4834_81	iSF_1195.SF2333	27.3	308	215	6	4	306	9	312	7.2e-29	125.2
k141_212892_length_80268_cov_36.4834_81	iSSON_1240.SSON_2315	27.3	308	215	6	4	306	9	312	7.2e-29	125.2
k141_212892_length_80268_cov_36.4834_82	iYS854.USA300HOU_RS01340	28.0	246	160	8	1	233	1	242	6.8e-19	92.0
k141_212892_length_80268_cov_36.4834_83	iJN1463.PP_1778	25.7	268	188	3	1	264	1	261	1.1e-20	97.8
k141_212892_length_80268_cov_36.4834_84	iNF517.LLMG_RS08170	49.0	204	103	1	39	242	40	242	5.4e-51	198.4
k141_212892_length_80268_cov_36.4834_84	iJN1463.PP_1779	44.1	204	114	0	38	241	32	235	9.5e-48	187.6
k141_212892_length_80268_cov_36.4834_84	iYS854.USA300HOU_RS03450	43.7	215	115	2	32	241	21	234	1.5e-45	180.3
k141_212892_length_80268_cov_36.4834_85	iYO844.BSU35690	42.5	106	56	3	27	128	3	107	4.7e-13	73.9
k141_212892_length_80268_cov_36.4834_85	iSbBS512_1146.SbBS512_E4050	42.6	115	62	3	24	137	6	117	4.7e-13	73.9
k141_212892_length_80268_cov_36.4834_85	iSSON_1240.SSON_3782	42.6	115	62	3	24	137	6	117	4.7e-13	73.9
k141_212892_length_80268_cov_36.4834_85	iYO844.BSU35550	28.8	208	129	6	24	221	6	204	4.4e-11	67.4
k141_212892_length_80268_cov_36.4834_87	iEK1008.Rv3806c	27.1	288	191	7	5	283	18	295	1.3e-27	120.9
k141_212892_length_80268_cov_36.4834_89	iHN637.CLJU_RS04615	30.2	192	114	4	9	180	7	198	7.7e-13	71.2
k141_212892_length_80268_cov_36.4834_93	iYS854.USA300HOU_RS10305	28.2	309	214	6	2	307	3	306	4.2e-29	125.9
k141_254264_length_59705_cov_40.8283_1	iML1515.b0089	31.6	326	202	7	39	358	97	407	1.9e-28	124.0
k141_254264_length_59705_cov_40.8283_1	iJN1463.PP_1336	29.7	343	216	11	1	334	36	362	2.5e-28	123.6
k141_254264_length_59705_cov_40.8283_10	iML1515.b1856	30.8	117	65	5	80	196	295	395	2.8e-04	43.1
k141_254264_length_59705_cov_40.8283_11	iYS854.USA300HOU_RS08915	54.7	581	260	3	7	586	67	645	2.5e-192	669.1
k141_254264_length_59705_cov_40.8283_13	iNF517.LLMG_RS08455	49.2	307	150	4	5	306	5	310	4.8e-73	271.9
k141_254264_length_59705_cov_40.8283_15	iYS854.USA300HOU_RS05935	33.8	711	456	9	4	703	3	709	7.5e-106	382.1
k141_254264_length_59705_cov_40.8283_19	iYO844.BSU15190	36.4	319	202	1	8	326	7	324	2.9e-52	203.0
k141_254264_length_59705_cov_40.8283_19	iYS854.USA300HOU_RS05940	38.8	322	187	5	8	324	4	320	5.6e-48	188.7
k141_254264_length_59705_cov_40.8283_33	iAF987.Gmet_0069	31.1	132	80	3	141	267	2	127	1.7e-10	63.9
k141_254264_length_59705_cov_40.8283_39	iYS854.USA300HOU_RS08725	61.8	340	130	0	1	340	1	340	5.0e-124	441.4
k141_254264_length_59705_cov_40.8283_40	iYS854.USA300HOU_RS08720	59.2	355	142	2	14	367	17	369	1.8e-127	453.0
k141_254264_length_59705_cov_40.8283_48	iCN900.CD630_03330	39.1	530	315	4	1	530	1	522	6.7e-107	385.2
k141_254264_length_59705_cov_40.8283_50	iHN637.CLJU_RS07805	43.0	272	145	4	1	272	1	262	2.6e-46	183.0
k141_254264_length_59705_cov_40.8283_52	iJN1463.PP_5288	37.6	439	270	3	13	450	13	448	9.3e-89	324.7
k141_1016281_length_49190_cov_45.6621_1	iYS854.USA300HOU_RS09310	43.6	149	83	1	4	152	2	149	1.2e-32	136.7
k141_1016281_length_49190_cov_45.6621_6	iAT_PLT_636.3033	30.3	333	184	7	4	318	28	330	2.6e-34	143.3
k141_1016281_length_49190_cov_45.6621_6	iMM1415.15107	30.6	314	187	6	6	318	30	313	2.6e-34	143.3
k141_1016281_length_49190_cov_45.6621_9	iHN637.CLJU_RS15670	37.9	261	160	2	4	263	1	260	8.3e-42	167.9
k141_1016281_length_49190_cov_45.6621_9	iYO844.BSU02870	34.6	260	168	2	2	259	1	260	1.9e-38	156.8
k141_1016281_length_49190_cov_45.6621_10	iYS854.USA300HOU_RS08305	37.9	211	119	3	1	200	7	216	2.5e-28	122.9
k141_1016281_length_49190_cov_45.6621_10	iIT341.HP0819	38.2	212	121	6	1	204	1	210	3.6e-27	119.0
k141_1016281_length_49190_cov_45.6621_11	iYO844.BSU02850	44.4	279	149	4	33	308	39	314	1.3e-49	194.1
k141_1016281_length_49190_cov_45.6621_11	iHN637.CLJU_RS18655	36.4	286	168	4	24	308	35	307	1.1e-45	181.0
k141_1016281_length_49190_cov_45.6621_22	iYS854.USA300HOU_RS05695	39.1	805	460	19	1	781	2	800	3.0e-140	496.5
k141_1016281_length_49190_cov_45.6621_22	iNF517.LLMG_RS11025	36.0	805	482	20	1	781	2	797	1.5e-126	451.1
k141_1016281_length_49190_cov_45.6621_23	iYS854.USA300HOU_RS05690	52.8	343	161	1	2	344	7	348	3.2e-110	395.6
k141_1016281_length_49190_cov_45.6621_23	iNF517.LLMG_RS11030	52.6	340	159	2	2	340	7	345	6.4e-103	371.3
k141_1016281_length_49190_cov_45.6621_30	iYS854.USA300HOU_RS08350	53.0	460	205	4	6	455	5	463	1.9e-139	493.0
k141_1016281_length_49190_cov_45.6621_33	iPC815.YPO0132	25.7	175	112	7	1	166	1	166	1.3e-06	51.2
k141_1016281_length_49190_cov_45.6621_33	iML1515.b3409	26.1	138	91	4	1	132	1	133	1.6e-06	50.8
k141_1016281_length_49190_cov_45.6621_33	iSbBS512_1146.SbBS512_E3790	26.1	138	91	4	1	132	1	133	1.6e-06	50.8
k141_1016281_length_49190_cov_45.6621_33	iSDY_1059.SDY_3667	26.1	138	91	4	1	132	1	133	1.6e-06	50.8
k141_1016281_length_49190_cov_45.6621_33	iSF_1195.SF3428	26.1	138	91	4	1	132	1	133	1.6e-06	50.8
k141_1016281_length_49190_cov_45.6621_33	iYL1228.KPN_03779	27.1	133	86	4	6	132	6	133	2.1e-06	50.4
k141_1016281_length_49190_cov_45.6621_33	STM_v1_0.STM3506	26.1	138	91	4	1	132	1	133	8.1e-06	48.5
k141_1016281_length_49190_cov_45.6621_33	iSSON_1240.SSON_3540	25.4	138	92	4	1	132	1	133	8.1e-06	48.5
k141_1016281_length_49190_cov_45.6621_33	iHN637.CLJU_RS10635	24.0	200	138	7	7	200	5	196	1.8e-05	47.4
k141_1016281_length_49190_cov_45.6621_34	iYS854.USA300HOU_RS08370	40.7	113	67	0	15	127	2	114	3.4e-17	85.1
k141_1016281_length_49190_cov_45.6621_34	iCN900.CD630_24390	44.1	111	62	0	13	123	10	120	3.8e-16	81.6
k141_1016281_length_49190_cov_45.6621_34	iYO844.BSU25310	39.0	123	75	0	1	123	1	123	6.4e-16	80.9
k141_1016281_length_49190_cov_45.6621_34	iHN637.CLJU_RS03985	40.9	110	65	0	10	119	3	112	1.9e-15	79.3
k141_1016281_length_49190_cov_45.6621_34	iNF517.LLMG_RS07495	42.4	118	67	1	11	127	33	150	2.4e-15	79.0
k141_1016281_length_49190_cov_45.6621_46	iMM904.YLL048C	22.1	498	324	12	225	676	1137	1616	1.3e-11	68.9
k141_1016281_length_49190_cov_45.6621_47	iYS854.USA300HOU_RS08675	39.2	586	337	10	6	575	4	586	1.4e-118	424.1
k141_1016281_length_49190_cov_45.6621_47	iCN900.CD630_27390	39.7	589	334	10	6	578	9	592	1.1e-115	414.5
k141_1016281_length_49190_cov_45.6621_47	iLJ478.TM1441	40.0	582	323	13	10	576	7	577	2.6e-112	403.3
k141_1016281_length_49190_cov_45.6621_47	iSbBS512_1146.SbBS512_E1106	39.2	590	331	12	6	575	2	583	7.0e-110	395.2
k141_1016281_length_49190_cov_45.6621_47	iSDY_1059.SDY_1153	39.2	590	331	12	6	575	2	583	7.0e-110	395.2
k141_1016281_length_49190_cov_45.6621_47	iSSON_1240.SSON_1275	39.2	590	331	12	6	575	2	583	9.1e-110	394.8
k141_1016281_length_49190_cov_45.6621_47	iYL1228.KPN_02380	38.8	590	333	12	6	575	2	583	2.7e-109	393.3
k141_1016281_length_49190_cov_45.6621_47	iSF_1195.SF1876	39.0	590	332	12	6	575	2	583	1.0e-108	391.3
k141_1016281_length_49190_cov_45.6621_47	STM_v1_0.STM1901	38.0	590	338	12	6	575	2	583	9.4e-107	384.8
k141_1016281_length_49190_cov_45.6621_47	iAF987.Gmet_1357	37.8	592	351	8	1	578	5	593	1.6e-106	384.0
k141_1016281_length_49190_cov_45.6621_49	iCN900.CD630_11820	39.6	240	139	4	3	238	8	245	3.3e-37	152.5
k141_1016281_length_49190_cov_45.6621_49	iYO844.BSU15910	39.7	239	138	4	4	238	7	243	1.2e-34	144.1
k141_1016281_length_49190_cov_45.6621_49	iYS854.USA300HOU_RS06185	37.9	240	141	5	4	238	5	241	4.9e-33	138.7
k141_1016281_length_49190_cov_45.6621_51	iHN637.CLJU_RS00920	43.8	1005	543	11	15	1007	15	1009	5.5e-259	891.3
k141_1003238_length_46685_cov_44.9319_5	iAF987.Gmet_1431	49.2	315	152	3	1	315	1	307	6.6e-86	314.7
k141_1003238_length_46685_cov_44.9319_5	iCHOv1.100763471	47.4	312	155	3	2	313	51	353	3.3e-85	312.4
k141_1003238_length_46685_cov_44.9319_5	iMM1415.67883	47.4	312	155	3	2	313	90	392	3.3e-85	312.4
k141_1003238_length_46685_cov_44.9319_5	iSynCJ816.SGL_RS09825	45.9	314	161	3	1	314	1	305	4.9e-81	298.5
k141_1003238_length_46685_cov_44.9319_6	iAF987.Gmet_2095	27.0	100	69	2	4	100	11	109	1.8e-05	47.4
k141_1003238_length_46685_cov_44.9319_10	iYS854.USA300HOU_RS01340	32.0	197	123	6	3	188	5	201	1.2e-20	97.8
k141_1003238_length_46685_cov_44.9319_10	iSbBS512_1146.SbBS512_E4050	29.8	235	141	8	1	214	7	238	8.4e-19	91.7
k141_1003238_length_46685_cov_44.9319_10	iSSON_1240.SSON_3782	29.8	235	141	8	1	214	7	238	8.4e-19	91.7
k141_1003238_length_46685_cov_44.9319_11	iYS854.USA300HOU_RS12285	26.8	127	77	5	42	159	8	127	4.6e-04	42.7
k141_1003238_length_46685_cov_44.9319_12	iEK1008.Rv3109	30.0	140	82	7	112	243	29	160	1.5e-04	44.7
k141_1003238_length_46685_cov_44.9319_14	iAF692.Mbar_A3140	23.3	189	126	4	179	366	173	343	1.9e-04	44.3
k141_1003238_length_46685_cov_44.9319_17	iSbBS512_1146.SbBS512_E4050	25.0	140	97	3	1	139	1	133	2.5e-06	50.1
k141_1003238_length_46685_cov_44.9319_17	iSSON_1240.SSON_3782	25.0	140	97	3	1	139	1	133	2.5e-06	50.1
k141_1003238_length_46685_cov_44.9319_18	STM_v1_0.STM2298	31.0	113	73	2	54	163	9	119	3.4e-07	53.9
k141_1003238_length_46685_cov_44.9319_18	iPC815.YPO2421	31.9	119	76	2	48	163	3	119	1.7e-06	51.6
k141_1003238_length_46685_cov_44.9319_18	iCHOv1.100689420	25.6	121	84	2	54	170	32	150	6.3e-06	49.7
k141_1003238_length_46685_cov_44.9319_20	iYL1228.KPN_02493	59.9	389	155	1	1	389	1	388	1.4e-133	473.4
k141_1003238_length_46685_cov_44.9319_20	iSbBS512_1146.SbBS512_E1203	59.4	389	157	1	1	389	1	388	8.8e-133	470.7
k141_1003238_length_46685_cov_44.9319_20	iSSON_1240.SSON_2099	59.6	389	156	1	1	389	1	388	1.1e-130	463.8
k141_1003238_length_46685_cov_44.9319_20	iSDY_1059.SDY_2213	59.4	389	157	1	1	389	1	388	2.4e-130	462.6
k141_1003238_length_46685_cov_44.9319_20	iML1515.b2028	59.1	389	158	1	1	389	1	388	5.3e-130	461.5
k141_1003238_length_46685_cov_44.9319_20	STM_v1_0.STM2080	58.4	389	161	1	1	389	1	388	1.2e-129	460.3
k141_1003238_length_46685_cov_44.9319_20	iNF517.LLMG_RS08135	56.7	388	167	1	2	389	3	389	7.5e-124	441.0
k141_1003238_length_46685_cov_44.9319_23	iAF987.Gmet_2999	36.6	112	65	1	3	108	10	121	5.6e-12	68.6
k141_1003238_length_46685_cov_44.9319_23	iAF987.Gmet_0069	36.8	114	64	2	3	108	5	118	4.8e-11	65.5
k141_1003238_length_46685_cov_44.9319_29	iCN718.ABAYE_RS13845	32.6	181	115	3	1	179	5	180	1.8e-19	93.2
k141_1003238_length_46685_cov_44.9319_33	STM_v1_0.STM0659	34.6	488	295	8	5	483	8	480	4.9e-74	276.2
k141_1003238_length_46685_cov_44.9319_33	iSbBS512_1146.SbBS512_E0599	35.9	499	276	13	5	484	8	481	1.9e-73	274.2
k141_1003238_length_46685_cov_44.9319_33	iML1515.b0650	35.9	499	276	13	5	484	8	481	3.2e-73	273.5
k141_1003238_length_46685_cov_44.9319_33	iSSON_1240.SSON_0604	35.9	499	276	13	5	484	8	481	4.1e-73	273.1
k141_1003238_length_46685_cov_44.9319_37	iNF517.LLMG_RS04905	44.5	283	151	2	49	330	2	279	8.4e-68	254.6
k141_1003238_length_46685_cov_44.9319_38	iHN637.CLJU_RS12050	42.1	159	86	4	4	158	2	158	2.3e-26	115.9
k141_1003238_length_46685_cov_44.9319_42	iHN637.CLJU_RS04010	66.2	872	292	2	2	873	5	873	0.0e+00	1182.9
k141_1003238_length_46685_cov_44.9319_42	iCN900.CD630_24100	61.2	873	334	3	2	873	4	872	3.4e-313	1071.2
k141_1472464_length_45716_cov_41.6822_2	iLJ478.TM0514	43.2	555	308	6	1	549	1	554	4.0e-126	449.1
k141_1472464_length_45716_cov_41.6822_2	iCN900.CD630_00490	41.2	558	317	7	1	550	1	555	7.5e-125	444.9
k141_1472464_length_45716_cov_41.6822_2	iYS854.USA300HOU_RS06365	41.2	558	319	8	1	551	1	556	7.7e-122	434.9
k141_1472464_length_45716_cov_41.6822_2	iAF987.Gmet_1354	42.4	552	306	9	1	543	1	549	7.2e-120	428.3
k141_1472464_length_45716_cov_41.6822_2	iNF517.LLMG_RS12095	40.1	608	307	7	1	551	1	608	3.6e-119	426.0
k141_1472464_length_45716_cov_41.6822_2	iCN718.ABAYE_RS03855	40.5	571	325	10	1	556	1	571	2.0e-114	410.2
k141_1472464_length_45716_cov_41.6822_2	STM_v1_0.STM0242	40.4	564	318	12	10	558	10	570	5.0e-113	405.6
k141_1472464_length_45716_cov_41.6822_2	iPC815.YPO1068	41.4	555	311	11	10	551	10	563	8.6e-113	404.8
k141_1472464_length_45716_cov_41.6822_13	iJN1463.PP_4799	27.5	324	206	8	2	324	11	306	7.1e-27	118.6
k141_1472464_length_45716_cov_41.6822_14	STM_v1_0.STM2840	24.0	150	99	4	12	159	30	166	5.8e-05	46.6
k141_1472464_length_45716_cov_41.6822_14	iML1515.b2710	23.3	150	100	4	12	159	30	166	3.7e-04	43.9
k141_1472464_length_45716_cov_41.6822_14	iSbBS512_1146.SbBS512_E3167	23.3	150	100	4	12	159	30	166	3.7e-04	43.9
k141_1472464_length_45716_cov_41.6822_14	iSDY_1059.SDY_2907	23.3	150	100	4	12	159	30	166	3.7e-04	43.9
k141_1472464_length_45716_cov_41.6822_14	iSF_1195.SF2733	23.3	150	100	4	12	159	30	166	3.7e-04	43.9
k141_1472464_length_45716_cov_41.6822_14	iSSON_1240.SSON_2854	23.3	150	100	4	12	159	30	166	3.7e-04	43.9
k141_1472464_length_45716_cov_41.6822_14	iYL1228.KPN_03045	24.0	150	99	4	12	159	30	166	4.9e-04	43.5
k141_1472464_length_45716_cov_41.6822_16	iYS854.USA300HOU_RS13005	23.2	271	169	11	8	241	1	269	1.1e-07	54.7
k141_1472464_length_45716_cov_41.6822_24	iYS854.USA300HOU_RS06830	26.9	659	416	17	12	610	10	662	2.3e-39	161.0
k141_1472464_length_45716_cov_41.6822_24	iNF517.LLMG_RS04440	27.1	658	411	23	12	610	10	657	1.1e-36	152.1
k141_1472464_length_45716_cov_41.6822_24	iYO844.BSU17890	24.0	680	422	17	8	611	5	665	1.4e-36	151.8
k141_1472464_length_45716_cov_41.6822_25	iCN900.CD630_33730	39.0	892	495	10	10	853	31	921	7.3e-164	575.1
k141_1472464_length_45716_cov_41.6822_25	iSF_1195.SF4248	37.7	856	515	8	9	850	45	896	2.0e-158	557.0
k141_1472464_length_45716_cov_41.6822_25	iJN1463.PP_2645	36.0	874	519	9	18	852	47	919	2.7e-158	556.6
k141_1472464_length_45716_cov_41.6822_25	iSDY_1059.SDY_4261	37.7	856	515	8	9	850	45	896	2.7e-158	556.6
k141_1472464_length_45716_cov_41.6822_25	iML1515.b4242	37.7	856	515	8	9	850	45	896	4.6e-158	555.8
k141_1472464_length_45716_cov_41.6822_25	iSSON_1240.SSON_4423	37.7	856	515	8	9	850	45	896	4.6e-158	555.8
k141_1472464_length_45716_cov_41.6822_25	iSbBS512_1146.SbBS512_E4841	37.7	856	515	8	9	850	45	896	1.0e-157	554.7
k141_1472464_length_45716_cov_41.6822_25	iYL1228.KPN_04654	38.5	850	505	8	15	850	55	900	5.0e-157	552.4
k141_1472464_length_45716_cov_41.6822_25	iPC815.YPO1661	36.4	873	519	8	15	853	29	899	7.3e-156	548.5
k141_1472464_length_45716_cov_41.6822_25	STM_v1_0.STM4456	37.5	850	513	9	15	850	55	900	1.2e-153	541.2
k141_1472464_length_45716_cov_41.6822_25	STM_v1_0.STM3763	37.5	873	509	8	15	852	37	907	1.5e-148	524.2
k141_1472464_length_45716_cov_41.6822_30	iMM904.YDL095W	29.7	202	106	9	356	527	532	727	1.2e-04	45.4
k141_1472464_length_45716_cov_41.6822_34	iCN900.CD630_35770	29.1	206	124	7	53	255	45	231	6.1e-07	52.8
k141_1472464_length_45716_cov_41.6822_36	iYO844.BSU03050	46.2	305	151	5	2	294	8	311	2.3e-72	269.6
k141_1472464_length_45716_cov_41.6822_36	iNF517.LLMG_RS02010	43.0	309	163	5	2	298	7	314	6.4e-70	261.5
k141_1472464_length_45716_cov_41.6822_36	iYS854.USA300HOU_RS01245	43.7	309	160	6	2	298	8	314	1.9e-66	250.0
k141_1472464_length_45716_cov_41.6822_36	iNF517.LLMG_RS05690	43.3	305	161	4	2	295	8	311	3.3e-66	249.2
k141_1472464_length_45716_cov_41.6822_38	iYS854.USA300HOU_RS03475	36.5	394	228	11	26	402	7	395	1.6e-58	224.2
k141_2195212_length_44845_cov_46.0647_1	iYS854.USA300HOU_RS01675	66.8	259	86	0	2	260	35	293	1.2e-98	356.7
k141_2195212_length_44845_cov_46.0647_1	iCN900.CD630_22400	63.9	241	87	0	1	241	35	275	1.8e-89	326.2
k141_2195212_length_44845_cov_46.0647_2	iCN900.CD630_22390	31.0	493	318	9	4	491	2	477	1.1e-66	251.5
k141_2195212_length_44845_cov_46.0647_4	iNF517.LLMG_RS06045	46.8	233	121	2	3	232	2	234	2.1e-55	213.0
k141_2195212_length_44845_cov_46.0647_4	iYS854.USA300HOU_RS07985	46.5	230	120	2	1	227	5	234	3.4e-50	195.7
k141_2195212_length_44845_cov_46.0647_5	iPC815.YPO1608	39.7	68	41	0	38	105	405	472	1.1e-08	56.6
k141_2195212_length_44845_cov_46.0647_5	iML1515.b1101	36.8	68	43	0	38	105	405	472	1.2e-07	53.1
k141_2195212_length_44845_cov_46.0647_5	iSbBS512_1146.SbBS512_E2223	36.8	68	43	0	38	105	405	472	1.2e-07	53.1
k141_2195212_length_44845_cov_46.0647_5	iSDY_1059.SDY_2049	36.8	68	43	0	38	105	405	472	1.2e-07	53.1
k141_2195212_length_44845_cov_46.0647_5	iSF_1195.SF1105	36.8	68	43	0	38	105	405	472	1.2e-07	53.1
k141_2195212_length_44845_cov_46.0647_5	iSSON_1240.SSON_1121	36.8	68	43	0	38	105	405	472	1.2e-07	53.1
k141_2195212_length_44845_cov_46.0647_5	iYL1228.KPN_01099	36.8	68	43	0	38	105	405	472	1.6e-07	52.8
k141_2195212_length_44845_cov_46.0647_5	STM_v1_0.STM1203	36.8	68	43	0	38	105	405	472	1.6e-07	52.8
k141_2195212_length_44845_cov_46.0647_7	iCN900.CD630_19470	41.3	208	106	4	4	196	10	216	4.3e-33	138.7
k141_2195212_length_44845_cov_46.0647_15	iCN900.CD630_20200	32.8	317	181	8	12	309	166	469	1.9e-32	137.1
k141_2195212_length_44845_cov_46.0647_17	iAM_Pf480.PF3D7_1120100	52.0	227	107	2	3	227	6	232	1.0e-59	227.3
k141_2195212_length_44845_cov_46.0647_17	iAM_Pc455.PCYB_092620	52.0	227	107	2	3	227	77	303	1.7e-59	226.5
k141_2195212_length_44845_cov_46.0647_17	iML1515.b0755	51.3	226	108	2	2	225	5	230	2.9e-59	225.7
k141_2195212_length_44845_cov_46.0647_17	iSbBS512_1146.SbBS512_E0676	51.3	226	108	2	2	225	5	230	2.9e-59	225.7
k141_2195212_length_44845_cov_46.0647_17	iSF_1195.SF0549	51.3	226	108	2	2	225	5	230	2.9e-59	225.7
k141_2195212_length_44845_cov_46.0647_17	iSSON_1240.SSON_0707	51.3	226	108	2	2	225	5	230	2.9e-59	225.7
k141_2195212_length_44845_cov_46.0647_17	iAM_Pv461.PVX_091640	52.0	227	107	2	3	227	6	232	3.8e-59	225.3
k141_2195212_length_44845_cov_46.0647_17	iSDY_1059.SDY_0702	51.3	226	108	2	2	225	5	230	6.5e-59	224.6
k141_2195212_length_44845_cov_46.0647_17	STM_v1_0.STM0772	50.4	226	110	2	2	225	5	230	1.1e-58	223.8
k141_2195212_length_44845_cov_46.0647_17	iAM_Pb448.PBANKA_092810	51.5	227	108	2	3	227	6	232	1.4e-58	223.4
k141_2195212_length_44845_cov_46.0647_17	iYL1228.KPN_00768	50.9	226	109	2	2	225	5	230	1.9e-58	223.0
k141_2195212_length_44845_cov_46.0647_17	iPC815.YPO1133	51.3	226	108	2	2	225	5	230	1.6e-57	219.9
k141_2195212_length_44845_cov_46.0647_17	iAF987.Gmet_1653	49.1	226	113	2	2	225	3	228	7.4e-55	211.1
k141_2195212_length_44845_cov_46.0647_17	iYS854.USA300HOU_RS13070	48.0	227	114	4	2	225	3	228	3.7e-54	208.8
k141_2195212_length_44845_cov_46.0647_31	iHN637.CLJU_RS10465	31.4	70	48	0	1	70	558	627	7.0e-06	47.4
k141_2195212_length_44845_cov_46.0647_32	iYS854.USA300HOU_RS04640	37.5	64	40	0	5	68	10	73	2.3e-08	55.1
k141_2195212_length_44845_cov_46.0647_32	iLB1027_lipid.PHATRDRAFT_16693	32.1	78	46	2	1	71	118	195	3.9e-08	54.3
k141_169954_length_42291_cov_49.0000_2	iYO844.BSU39400	47.1	410	206	5	4	403	5	413	2.9e-94	342.8
k141_169954_length_42291_cov_49.0000_2	iHN637.CLJU_RS08925	45.9	410	211	6	4	403	5	413	2.3e-91	333.2
k141_169954_length_42291_cov_49.0000_2	iYS854.USA300HOU_RS11530	45.9	399	207	3	4	394	5	402	3.0e-91	332.8
k141_169954_length_42291_cov_49.0000_2	iNF517.LLMG_RS05380	44.1	401	213	3	4	397	7	403	1.1e-88	324.3
k141_169954_length_42291_cov_49.0000_2	iLJ478.TM1653	43.1	399	218	2	4	394	5	402	3.1e-88	322.8
k141_169954_length_42291_cov_49.0000_3	iCHOv1.100769399	48.0	50	22	1	71	116	139	188	1.5e-04	43.1
k141_169954_length_42291_cov_49.0000_6	iYS854.USA300HOU_RS04535	52.1	432	203	3	5	434	28	457	9.9e-125	444.1
k141_169954_length_42291_cov_49.0000_8	iYS854.USA300HOU_RS04530	31.8	132	88	2	3	133	7	137	3.7e-15	78.6
k141_169954_length_42291_cov_49.0000_9	iYS854.USA300HOU_RS04525	38.6	383	231	3	12	391	32	413	2.6e-76	283.1
k141_169954_length_42291_cov_49.0000_9	iLB1027_lipid.PHATRDRAFT_19482	39.3	384	227	5	5	383	88	470	1.3e-75	280.8
k141_169954_length_42291_cov_49.0000_9	iSynCJ816.SGL_RS15265	36.3	388	241	3	1	383	20	406	9.4e-74	274.6
k141_169954_length_42291_cov_49.0000_10	iYS854.USA300HOU_RS04520	30.4	158	86	5	19	170	270	409	4.8e-07	52.0
k141_169954_length_42291_cov_49.0000_11	iYS854.USA300HOU_RS04515	49.3	227	111	2	18	242	19	243	2.6e-58	222.6
k141_169954_length_42291_cov_49.0000_14	iML1515.b1103	36.0	100	62	1	5	102	6	105	6.2e-08	54.3
k141_169954_length_42291_cov_49.0000_19	STM_v1_0.STM0984	28.5	512	358	4	253	761	74	580	2.7e-61	234.2
k141_169954_length_42291_cov_49.0000_19	iAF987.Gmet_2349	28.6	532	355	7	244	761	50	570	2.3e-60	231.1
k141_169954_length_42291_cov_49.0000_19	iPC815.YPO1395	28.5	522	365	4	243	761	64	580	2.3e-60	231.1
k141_169954_length_42291_cov_49.0000_19	iML1515.b0914	28.5	512	358	4	253	761	74	580	5.1e-60	229.9
k141_169954_length_42291_cov_49.0000_19	iSbBS512_1146.SbBS512_E2410	28.5	512	358	4	253	761	74	580	5.1e-60	229.9
k141_169954_length_42291_cov_49.0000_19	iSDY_1059.SDY_2344	28.5	512	358	4	253	761	74	580	5.1e-60	229.9
k141_169954_length_42291_cov_49.0000_19	iSF_1195.SF0910	28.5	512	358	4	253	761	74	580	5.1e-60	229.9
k141_169954_length_42291_cov_49.0000_19	iSSON_1240.SSON_0916	28.5	512	358	4	253	761	74	580	5.1e-60	229.9
k141_169954_length_42291_cov_49.0000_19	iYL1228.KPN_00941	27.0	512	366	4	253	761	74	580	2.9e-55	214.2
k141_169954_length_42291_cov_49.0000_20	iPC815.YPO1395	29.7	528	349	9	60	576	66	582	1.1e-54	211.8
k141_169954_length_42291_cov_49.0000_20	iAF987.Gmet_2349	29.8	507	330	10	81	575	79	571	2.4e-54	210.7
k141_169954_length_42291_cov_49.0000_20	iJN1463.PP_4935	30.2	523	345	6	61	576	86	595	4.2e-54	209.9
k141_169954_length_42291_cov_49.0000_20	STM_v1_0.STM0984	30.0	514	342	8	70	576	80	582	4.2e-54	209.9
k141_169954_length_42291_cov_49.0000_20	iYL1228.KPN_00941	28.3	509	357	4	70	576	80	582	1.3e-52	204.9
k141_169954_length_42291_cov_49.0000_20	iML1515.b0914	28.0	510	357	5	70	576	80	582	5.6e-51	199.5
k141_169954_length_42291_cov_49.0000_20	iSbBS512_1146.SbBS512_E2410	28.0	510	357	5	70	576	80	582	5.6e-51	199.5
k141_169954_length_42291_cov_49.0000_20	iSDY_1059.SDY_2344	28.0	510	357	5	70	576	80	582	5.6e-51	199.5
k141_169954_length_42291_cov_49.0000_20	iSF_1195.SF0910	27.7	509	360	4	70	576	80	582	9.6e-51	198.7
k141_169954_length_42291_cov_49.0000_20	iSSON_1240.SSON_0916	27.7	509	360	4	70	576	80	582	1.3e-50	198.4
k141_169954_length_42291_cov_49.0000_24	iCN900.CD630_27420	30.9	94	53	3	48	132	35	125	2.2e-04	44.7
k141_169954_length_42291_cov_49.0000_29	iYS854.USA300HOU_RS06465	37.3	201	110	4	4	202	2	188	9.2e-28	120.9
k141_169954_length_42291_cov_49.0000_33	iYS854.USA300HOU_RS07420	35.0	583	332	15	112	665	64	628	1.2e-81	302.0
k141_169954_length_42291_cov_49.0000_33	iNF517.LLMG_RS02600	31.7	671	399	19	83	725	1	640	6.7e-77	286.2
k141_169954_length_42291_cov_49.0000_39	iAF692.Mbar_A1452	29.6	169	113	3	2	167	4	169	1.4e-09	61.6
k141_169954_length_42291_cov_49.0000_39	iCN900.CD630_32740	35.0	123	72	5	6	127	4	119	8.9e-09	58.9
k141_1020633_length_37543_cov_41.3286_6	iYS854.USA300HOU_RS09245	36.2	414	258	4	1	412	14	423	3.3e-77	286.2
k141_1020633_length_37543_cov_41.3286_6	iYO844.BSU29790	36.0	411	257	4	1	409	14	420	5.5e-72	268.9
k141_1020633_length_37543_cov_41.3286_9	iAF987.Gmet_0043	22.5	414	291	11	224	625	25	420	6.2e-18	90.1
k141_1020633_length_37543_cov_41.3286_12	iHN637.CLJU_RS19255	58.2	416	165	2	2	414	5	414	8.3e-137	484.2
k141_1020633_length_37543_cov_41.3286_12	iCN900.CD630_31700	59.2	412	159	3	4	411	4	410	2.5e-133	472.6
k141_1020633_length_37543_cov_41.3286_12	iYO844.BSU33900	57.8	415	166	3	4	414	4	413	2.3e-131	466.1
k141_1020633_length_37543_cov_41.3286_12	iAF987.Gmet_2372	55.6	417	177	2	1	414	1	412	6.3e-129	458.0
k141_1020633_length_37543_cov_41.3286_12	iLJ478.TM0877	54.5	418	181	2	2	416	1	412	5.4e-128	454.9
k141_1020633_length_37543_cov_41.3286_15	iCN900.CD630_00510	30.5	524	309	15	40	547	6	490	4.7e-55	213.0
k141_1020633_length_37543_cov_41.3286_26	iAF692.Mbar_A0975	31.5	178	118	3	1	176	1	176	7.0e-16	81.3
k141_1020633_length_37543_cov_41.3286_27	iNF517.LLMG_RS09540	42.6	882	462	14	1	870	1	850	4.6e-185	645.6
k141_1020633_length_37543_cov_41.3286_27	iYS854.USA300HOU_RS08615	42.2	889	462	16	1	872	1	854	6.2e-182	635.2
k141_1020633_length_37543_cov_41.3286_30	iYS854.USA300HOU_RS00735	41.5	388	222	3	3	386	5	391	5.6e-87	318.5
k141_1020633_length_37543_cov_41.3286_30	iYO844.BSU23500	40.8	390	225	4	2	386	5	393	7.5e-84	308.1
k141_1020633_length_37543_cov_41.3286_30	iHN637.CLJU_RS08920	41.6	392	222	5	2	387	3	393	1.7e-83	307.0
k141_1020633_length_37543_cov_41.3286_32	iYS854.USA300HOU_RS01445	50.0	46	21	1	37	82	257	300	2.1e-05	45.4
k141_291383_length_35066_cov_51.6346_4	iCHOv1.100769695	27.9	129	79	5	53	170	63	188	8.1e-04	41.2
k141_291383_length_35066_cov_51.6346_4	iMM1415.66286	27.9	129	79	5	53	170	63	188	8.1e-04	41.2
k141_291383_length_35066_cov_51.6346_5	iAM_Pv461.PVX_085660	34.8	221	134	4	3	221	75	287	2.9e-26	116.3
k141_291383_length_35066_cov_51.6346_9	iAT_PLT_636.4905	35.2	230	127	5	193	405	242	466	4.6e-33	140.2
k141_291383_length_35066_cov_51.6346_9	iMM1415.18195	35.2	230	127	5	193	405	242	466	4.6e-33	140.2
k141_291383_length_35066_cov_51.6346_10	iML1515.b3291	55.0	129	49	3	12	133	6	132	1.1e-26	116.7
k141_291383_length_35066_cov_51.6346_11	iYO844.BSU15540	25.8	233	141	7	33	245	60	280	3.1e-14	76.6
k141_291383_length_35066_cov_51.6346_13	iNF517.LLMG_RS01995	57.9	482	202	1	10	490	3	484	4.4e-161	565.1
k141_291383_length_35066_cov_51.6346_13	iYS854.USA300HOU_RS02655	54.0	491	222	3	3	490	4	493	4.3e-156	548.5
k141_291383_length_35066_cov_51.6346_15	iCN900.CD630_00520	40.2	482	249	11	1	460	1	465	8.3e-90	328.2
k141_291383_length_35066_cov_51.6346_15	iNF517.LLMG_RS10195	41.4	461	250	7	1	457	1	445	1.5e-86	317.4
k141_291383_length_35066_cov_51.6346_15	iYS854.USA300HOU_RS02790	38.7	478	254	8	3	458	4	464	6.4e-82	302.0
k141_291383_length_35066_cov_51.6346_31	iEK1008.Rv0684	57.0	693	291	4	5	692	8	698	2.5e-231	798.9
k141_291383_length_35066_cov_51.6346_31	iSynCJ816.SGL_RS10930	55.1	692	306	2	1	692	1	687	5.3e-221	764.6
k141_291383_length_35066_cov_51.6346_32	iSynCJ816.SGL_RS10925	68.3	397	121	1	1	392	1	397	3.8e-160	561.6
k141_291383_length_35066_cov_51.6346_33	iYS854.USA300HOU_RS06995	22.2	419	313	6	1	411	1	414	1.7e-25	114.4
k141_291383_length_35066_cov_51.6346_34	iNF517.LLMG_RS04655	42.7	450	247	6	2	447	7	449	3.9e-92	335.9
k141_291383_length_35066_cov_51.6346_34	iYO844.BSU15200	38.6	443	263	6	9	447	14	451	3.0e-84	309.7
k141_29342_length_29328_cov_47.4560_3	iHN637.CLJU_RS00840	53.5	512	232	3	1	507	1	511	1.5e-161	566.6
k141_29342_length_29328_cov_47.4560_3	iCN900.CD630_35400	48.0	517	257	6	1	507	1	515	9.1e-146	514.2
k141_29342_length_29328_cov_47.4560_8	iAM_Pc455.PCYB_141260	25.9	205	123	10	15	195	14	213	1.7e-04	43.9
k141_29342_length_29328_cov_47.4560_14	iCN900.CD630_00150	42.3	137	71	2	33	169	6	134	4.7e-25	111.7
k141_29342_length_29328_cov_47.4560_27	iSynCJ816.SGL_RS13580	31.4	118	78	3	302	418	281	396	8.6e-05	46.2
k141_1180879_length_27988_cov_44.5709_2	iIT341.HP0197	35.3	68	41	2	3	67	10	77	1.4e-04	44.3
k141_1180879_length_27988_cov_44.5709_4	iIT341.HP1576	41.5	217	127	0	3	219	2	218	2.3e-48	189.5
k141_1180879_length_27988_cov_44.5709_4	iPC815.YPO1073	40.0	220	129	1	3	219	1	220	2.7e-44	176.0
k141_1180879_length_27988_cov_44.5709_4	iCN900.CD630_14890	40.1	217	129	1	3	219	1	216	5.0e-43	171.8
k141_1180879_length_27988_cov_44.5709_4	iYO844.BSU32750	39.1	220	131	1	3	219	1	220	6.6e-43	171.4
k141_1180879_length_27988_cov_44.5709_5	iYO844.BSU30410	35.4	65	41	1	183	247	305	368	1.2e-04	44.7
k141_1180879_length_27988_cov_44.5709_6	iYS854.USA300HOU_RS01445	34.0	103	57	5	255	353	203	298	8.2e-06	48.9
k141_1180879_length_27988_cov_44.5709_6	iAF987.Gmet_3012	37.4	91	50	5	262	351	50	134	2.4e-05	47.4
k141_1180879_length_27988_cov_44.5709_6	iAF987.Gmet_1350	37.2	94	54	3	257	350	105	193	3.1e-05	47.0
k141_1180879_length_27988_cov_44.5709_8	iCN900.CD630_35400	50.5	101	46	2	1	101	535	631	1.4e-22	102.8
k141_1180879_length_27988_cov_44.5709_8	iHN637.CLJU_RS00840	40.7	108	64	0	7	114	536	643	3.9e-20	94.7
k141_1180879_length_27988_cov_44.5709_8	iNF517.LLMG_RS08860	51.4	109	48	4	9	114	555	661	3.9e-20	94.7
k141_1180879_length_27988_cov_44.5709_10	iCN900.CD630_31950	32.4	965	461	15	1	933	1	806	4.4e-138	489.6
k141_1180879_length_27988_cov_44.5709_12	STM_v1_0.STM3002	27.8	270	166	8	4	248	14	279	2.1e-18	90.1
k141_1180879_length_27988_cov_44.5709_15	iLJ478.TM0751	39.5	554	320	8	27	571	6	553	2.9e-108	389.8
k141_1180879_length_27988_cov_44.5709_15	iHN637.CLJU_RS01390	37.8	550	336	5	25	571	23	569	2.2e-100	363.6
k141_1180879_length_27988_cov_44.5709_16	iCN900.CD630_31740	56.8	331	140	3	1	330	1	329	3.4e-101	365.5
k141_1180879_length_27988_cov_44.5709_16	iYS854.USA300HOU_RS04185	54.7	331	147	3	2	331	3	331	1.3e-95	347.1
k141_1180879_length_27988_cov_44.5709_17	iNF517.LLMG_RS01325	42.8	388	211	6	3	379	5	392	6.3e-83	305.1
k141_1180879_length_27988_cov_44.5709_17	iYS854.USA300HOU_RS04190	42.7	391	209	6	2	380	4	391	1.4e-82	303.9
k141_1180879_length_27988_cov_44.5709_17	iLJ478.TM0689	45.0	393	194	9	3	379	5	391	2.0e-76	283.5
k141_1180879_length_27988_cov_44.5709_20	iNF517.LLMG_RS12140	34.6	393	242	8	1	390	1	381	1.7e-57	220.7
k141_1180879_length_27988_cov_44.5709_21	iLJ478.TM0689	41.7	211	110	3	23	220	429	639	6.6e-35	144.8
k141_1180879_length_27988_cov_44.5709_21	iHN637.CLJU_RS19265	33.9	239	142	4	5	228	9	246	6.8e-32	134.8
k141_1180879_length_27988_cov_44.5709_21	iCN900.CD630_31720	37.9	190	110	1	47	228	56	245	1.2e-31	134.0
k141_1180879_length_27988_cov_44.5709_27	iHN637.CLJU_RS18540	46.5	525	240	8	1	484	15	539	5.7e-121	431.8
k141_1180879_length_27988_cov_44.5709_27	iLJ478.TM1766	43.5	533	262	6	1	494	1	533	2.7e-118	422.9
k141_1180879_length_27988_cov_44.5709_27	iCN900.CD630_07180	45.3	525	244	9	2	484	16	539	8.0e-115	411.4
k141_1180879_length_27988_cov_44.5709_27	iYS854.USA300HOU_RS09195	43.1	531	264	8	1	493	15	545	1.4e-114	410.6
k141_1180879_length_27988_cov_44.5709_27	iNF517.LLMG_RS08030	42.8	533	265	7	1	493	13	545	2.4e-111	399.8
k141_1152328_length_25729_cov_38.6168_2	iAF987.Gmet_3492	38.2	55	33	1	5	59	7	60	8.4e-04	39.7
k141_1152328_length_25729_cov_38.6168_6	iYS854.USA300HOU_RS06405	39.9	281	148	8	126	385	8	288	7.1e-37	152.1
k141_1152328_length_25729_cov_38.6168_6	iNF517.LLMG_RS07220	39.5	228	126	4	114	331	1	226	4.8e-33	139.4
k141_1152328_length_25729_cov_38.6168_10	iML1515.b3590	32.6	215	126	7	212	416	2	207	1.6e-15	82.0
k141_1152328_length_25729_cov_38.6168_10	iCN900.CD630_24930	29.3	273	170	12	212	469	5	269	1.5e-13	75.5
k141_1152328_length_25729_cov_38.6168_21	iYS854.USA300HOU_RS08810	52.2	873	363	17	5	836	6	865	2.0e-259	892.5
k141_1152328_length_25729_cov_38.6168_21	iNF517.LLMG_RS12325	50.2	864	395	10	5	836	8	868	4.8e-245	844.7
k141_1445211_length_22267_cov_51.9147_6	iPC815.YPO2421	30.9	97	67	0	210	306	7	103	2.0e-04	44.7
k141_1445211_length_22267_cov_51.9147_6	STM_v1_0.STM2298	29.9	97	68	0	210	306	7	103	5.8e-04	43.1
k141_1445211_length_22267_cov_51.9147_6	iYS854.USA300HOU_RS14480	22.3	157	111	4	188	342	26	173	9.8e-04	42.4
k141_1445211_length_22267_cov_51.9147_8	iNF517.LLMG_RS12140	31.5	235	123	11	151	354	144	371	7.7e-14	75.5
k141_1445211_length_22267_cov_51.9147_9	iAM_Pf480.PF3D7_0413500	38.6	70	42	1	2	70	102	171	8.5e-06	48.1
k141_1445211_length_22267_cov_51.9147_9	iAM_Pb448.PBANKA_071550	35.7	84	49	2	6	88	109	188	4.2e-05	45.8
k141_1445211_length_22267_cov_51.9147_9	iAM_Pc455.PCYB_052660	38.0	71	43	1	1	70	127	197	5.5e-05	45.4
k141_1445211_length_22267_cov_51.9147_10	iNF517.LLMG_RS01010	52.0	150	65	3	1	147	3	148	2.4e-38	155.6
k141_1445211_length_22267_cov_51.9147_11	iHN637.CLJU_RS10465	37.8	127	69	4	593	713	425	547	4.1e-11	67.4
k141_1445211_length_22267_cov_51.9147_13	iHN637.CLJU_RS06205	35.6	216	134	2	1	211	1	216	2.0e-33	139.8
k141_1445211_length_22267_cov_51.9147_13	iYS854.USA300HOU_RS06140	37.3	209	125	2	4	209	9	214	2.0e-33	139.8
k141_1445211_length_22267_cov_51.9147_13	iCN900.CD630_25750	35.3	218	135	3	1	212	1	218	3.7e-32	135.6
k141_1445211_length_22267_cov_51.9147_13	iNF517.LLMG_RS11000	35.5	214	132	3	3	211	4	216	6.3e-32	134.8
k141_1445211_length_22267_cov_51.9147_13	iAF987.Gmet_0067	36.2	213	131	2	1	208	1	213	6.9e-31	131.3
k141_1445211_length_22267_cov_51.9147_14	iYS854.USA300HOU_RS06135	37.3	284	166	5	3	274	4	287	4.9e-45	178.7
k141_1445211_length_22267_cov_51.9147_15	iYS854.USA300HOU_RS06130	33.4	598	368	10	5	584	3	588	2.0e-75	280.8
k141_1445211_length_22267_cov_51.9147_16	iYS854.USA300HOU_RS06125	34.6	246	157	4	1	243	2	246	3.4e-34	142.5
k141_1445211_length_22267_cov_51.9147_19	iYS854.USA300HOU_RS06110	45.2	299	158	4	2	295	3	300	1.4e-69	260.4
k141_1445211_length_22267_cov_51.9147_19	iYO844.BSU15730	44.9	303	162	3	2	299	3	305	5.0e-67	251.9
k141_330779_length_21440_cov_48.4829_3	iSSON_1240.SSON_4419	37.1	726	421	17	3	714	5	708	3.6e-124	443.0
k141_330779_length_21440_cov_48.4829_3	iSbBS512_1146.SbBS512_E4846	37.1	726	421	17	3	714	5	708	4.7e-124	442.6
k141_330779_length_21440_cov_48.4829_3	iML1515.b4238	37.1	726	421	17	3	714	5	708	8.1e-124	441.8
k141_330779_length_21440_cov_48.4829_3	iYL1228.KPN_04646	36.8	730	417	18	3	714	5	708	1.8e-123	440.7
k141_330779_length_21440_cov_48.4829_3	iSDY_1059.SDY_4257	36.9	726	422	17	3	714	5	708	1.8e-123	440.7
k141_330779_length_21440_cov_48.4829_3	iSF_1195.SF4252	36.9	726	422	17	3	714	5	708	5.2e-123	439.1
k141_330779_length_21440_cov_48.4829_3	iNF517.LLMG_RS01465	36.4	722	433	13	1	713	15	719	5.8e-122	435.6
k141_330779_length_21440_cov_48.4829_3	STM_v1_0.STM4452	36.5	728	422	17	3	714	5	708	2.9e-121	433.3
k141_330779_length_21440_cov_48.4829_3	iPC815.YPO3454	35.9	730	424	18	3	714	5	708	2.3e-118	423.7
k141_330779_length_21440_cov_48.4829_4	iYS854.USA300HOU_RS14195	43.5	161	83	3	5	159	15	173	6.7e-34	141.0
k141_330779_length_21440_cov_48.4829_4	iYL1228.KPN_04645	40.0	150	86	2	1	146	1	150	1.5e-30	129.8
k141_330779_length_21440_cov_48.4829_4	iSF_1195.SF4253	38.7	150	88	2	1	146	1	150	1.5e-30	129.8
k141_330779_length_21440_cov_48.4829_4	iSSON_1240.SSON_4418	38.7	150	88	2	1	146	1	150	1.5e-30	129.8
k141_330779_length_21440_cov_48.4829_4	STM_v1_0.STM4451	38.7	150	88	3	1	146	1	150	5.9e-30	127.9
k141_330779_length_21440_cov_48.4829_4	iML1515.b4237	37.3	150	90	2	1	146	1	150	7.7e-30	127.5
k141_330779_length_21440_cov_48.4829_4	iSbBS512_1146.SbBS512_E4847	37.3	150	90	2	1	146	1	150	7.7e-30	127.5
k141_330779_length_21440_cov_48.4829_4	iSDY_1059.SDY_4256	37.3	150	90	2	1	146	1	150	7.7e-30	127.5
k141_659670_length_20904_cov_59.4715_3	iNF517.LLMG_RS02350	39.0	246	145	4	2	243	3	247	7.7e-42	167.9
k141_659670_length_20904_cov_59.4715_3	iYS854.USA300HOU_RS12020	36.4	242	152	2	1	241	1	241	8.0e-39	157.9
k141_659670_length_20904_cov_59.4715_4	iCN900.CD630_01000	30.9	149	101	2	90	237	114	261	1.5e-08	57.4
k141_659670_length_20904_cov_59.4715_4	iYS854.USA300HOU_RS12035	28.7	143	100	2	97	238	121	262	1.5e-08	57.4
k141_659670_length_20904_cov_59.4715_4	iAF692.Mbar_A1219	28.7	143	100	2	93	234	114	255	2.9e-07	53.1
k141_659670_length_20904_cov_59.4715_5	iJN1463.PP_2416	21.7	92	72	0	132	223	158	249	3.4e-05	46.2
k141_659670_length_20904_cov_59.4715_5	iAF692.Mbar_A2149	22.6	270	187	8	1	248	3	272	3.8e-04	42.7
k141_659670_length_20904_cov_59.4715_6	iSynCJ816.SGL_RS16700	40.4	230	136	1	3	231	18	247	8.1e-49	191.0
k141_659670_length_20904_cov_59.4715_6	iLJ478.TM1398	41.1	231	131	3	4	232	2	229	8.1e-49	191.0
k141_659670_length_20904_cov_59.4715_6	iNF517.LLMG_RS12110	40.5	232	129	2	6	232	15	242	6.8e-48	188.0
k141_659670_length_20904_cov_59.4715_6	iCN900.CD630_21360	43.0	228	129	1	6	232	15	242	1.5e-47	186.8
k141_659670_length_20904_cov_59.4715_6	iYS854.USA300HOU_RS06350	42.5	228	130	1	6	232	25	252	8.4e-46	181.0
k141_659670_length_20904_cov_59.4715_6	iML1515.b0174	39.6	227	136	1	7	232	19	245	5.4e-45	178.3
k141_659670_length_20904_cov_59.4715_6	iSbBS512_1146.SbBS512_E0167	39.6	227	136	1	7	232	18	244	5.4e-45	178.3
k141_659670_length_20904_cov_59.4715_6	iSDY_1059.SDY_0190	39.6	227	136	1	7	232	19	245	5.4e-45	178.3
k141_659670_length_20904_cov_59.4715_6	iSF_1195.SF0164	39.6	227	136	1	7	232	19	245	5.4e-45	178.3
k141_659670_length_20904_cov_59.4715_6	iSSON_1240.SSON_0186	39.6	227	136	1	7	232	19	245	5.4e-45	178.3
k141_659670_length_20904_cov_59.4715_6	STM_v1_0.STM0221	39.6	227	136	1	7	232	18	244	1.0e-43	174.1
k141_659670_length_20904_cov_59.4715_6	iYO844.BSU16530	40.8	228	134	1	6	232	32	259	1.7e-43	173.3
k141_659670_length_20904_cov_59.4715_7	iCHOv1.100751291	31.4	194	120	5	3	187	53	242	8.0e-18	88.2
k141_659670_length_20904_cov_59.4715_7	iMM1415.15487	32.6	190	119	4	3	186	47	233	2.6e-16	83.2
k141_659670_length_20904_cov_59.4715_7	iMM1415.235033	31.4	188	119	4	4	184	9	193	3.4e-16	82.8
k141_659670_length_20904_cov_59.4715_7	iCHOv1.100773401	31.4	188	119	4	4	184	9	193	9.8e-16	81.3
k141_659670_length_20904_cov_59.4715_7	STM_v1_0.STM1511	32.9	161	100	4	1	156	1	158	2.2e-15	80.1
k141_659670_length_20904_cov_59.4715_8	iYS854.USA300HOU_RS14490	25.2	226	135	6	307	512	77	288	2.7e-12	70.9
k141_659670_length_20904_cov_59.4715_15	iSynCJ816.SGL_RS14930	44.5	247	135	2	2	246	29	275	3.9e-57	218.8
k141_659670_length_20904_cov_59.4715_15	iSynCJ816.SGL_RS14865	41.5	246	143	1	2	246	5	250	7.7e-53	204.5
k141_659670_length_20904_cov_59.4715_15	iSynCJ816.SGL_RS16015	40.2	251	144	3	2	246	22	272	5.5e-51	198.4
k141_659670_length_20904_cov_59.4715_16	iCN900.CD630_00910	45.7	208	111	1	15	222	3	208	1.7e-51	199.9
k141_659670_length_20904_cov_59.4715_16	iYS854.USA300HOU_RS12070	42.3	213	121	1	14	226	2	212	9.7e-47	184.1
k141_659670_length_20904_cov_59.4715_16	iAF692.Mbar_A0086	41.9	215	122	2	14	228	2	213	3.7e-46	182.2
k141_659670_length_20904_cov_59.4715_16	iLJ478.TM1479	43.1	216	120	2	12	226	2	215	3.7e-46	182.2
k141_554471_length_20845_cov_47.5327_4	iCHOv1.100754792	33.0	666	378	12	5	611	369	1025	1.1e-92	338.2
k141_554471_length_20845_cov_47.5327_6	iLB1027_lipid.PHATRDRAFT_36257	48.0	815	369	10	9	771	23	834	4.9e-228	788.1
k141_554471_length_20845_cov_47.5327_6	iSynCJ816.SGL_RS18020	46.5	780	399	7	6	770	27	803	2.4e-214	742.7
k141_554471_length_20845_cov_47.5327_9	iCN900.CD630_07530	36.8	380	215	7	2	365	3	373	6.2e-59	225.3
k141_554471_length_20845_cov_47.5327_9	iYS854.USA300HOU_RS08635	36.4	368	225	5	2	361	3	369	2.9e-56	216.5
k141_554471_length_20845_cov_47.5327_9	iCN900.CD630_12790	34.0	377	237	7	2	368	6	380	3.7e-56	216.1
k141_554471_length_20845_cov_47.5327_9	iYL1228.KPN_02862	35.9	379	228	9	2	368	5	380	1.9e-55	213.8
k141_554471_length_20845_cov_47.5327_9	STM_v1_0.STM2543	35.9	379	228	9	2	368	5	380	2.4e-55	213.4
k141_554471_length_20845_cov_47.5327_9	iYS854.USA300HOU_RS09100	36.9	371	227	7	1	365	4	373	2.4e-55	213.4
k141_554471_length_20845_cov_47.5327_9	iML1515.b2530	35.4	379	230	9	2	368	5	380	9.2e-55	211.5
k141_554471_length_20845_cov_47.5327_9	iSbBS512_1146.SbBS512_E2905	35.4	379	230	9	2	368	5	380	9.2e-55	211.5
k141_554471_length_20845_cov_47.5327_9	iSDY_1059.SDY_2726	35.4	379	230	9	2	368	13	388	9.2e-55	211.5
k141_554471_length_20845_cov_47.5327_9	iSF_1195.SF2577	35.4	379	230	9	2	368	5	380	9.2e-55	211.5
k141_554471_length_20845_cov_47.5327_9	iSSON_1240.SSON_2612	35.4	379	230	9	2	368	13	388	9.2e-55	211.5
k141_554471_length_20845_cov_47.5327_9	iPC815.YPO2896	35.9	379	228	9	2	368	10	385	2.3e-53	206.8
k141_554471_length_20845_cov_47.5327_13	iNF517.LLMG_RS10755	28.4	134	92	3	41	172	35	166	7.6e-04	41.2
k141_554471_length_20845_cov_47.5327_14	iYO844.BSU38860	60.2	334	128	3	2	332	3	334	9.3e-115	410.6
k141_554471_length_20845_cov_47.5327_14	iCN900.CD630_27140	57.6	335	135	3	2	333	3	333	2.2e-108	389.4
k141_554471_length_20845_cov_47.5327_14	iAT_PLT_636.2582	54.8	332	141	2	2	324	5	336	3.7e-103	372.1
k141_554471_length_20845_cov_47.5327_14	iCHOv1.100759306	54.2	332	143	2	2	324	21	352	1.1e-102	370.5
k141_2082286_length_18386_cov_43.9482_2	iHN637.CLJU_RS10465	37.3	102	57	2	604	698	521	622	4.2e-11	67.4
k141_2082286_length_18386_cov_43.9482_5	iAF987.Gmet_0043	22.1	408	283	11	215	606	21	409	2.9e-16	84.3
k141_2082286_length_18386_cov_43.9482_6	iAF987.Gmet_0043	23.1	307	214	8	231	520	37	338	7.8e-15	79.7
k141_2082286_length_18386_cov_43.9482_7	iYO844.BSU28560	26.1	475	326	9	54	514	17	480	9.8e-38	155.6
k141_1014377_length_18159_cov_45.7787_2	iCHOv1.100766805	20.9	158	121	2	56	209	31	188	2.5e-05	47.4
k141_1014377_length_18159_cov_45.7787_4	iPC815.YPO0440	41.0	234	136	1	2	235	3	234	1.3e-46	183.7
k141_1014377_length_18159_cov_45.7787_4	STM_v1_0.STM4570	41.5	234	135	1	2	235	3	234	6.5e-46	181.4
k141_1014377_length_18159_cov_45.7787_4	iML1515.b4384	41.9	234	134	1	2	235	3	234	1.4e-45	180.3
k141_1014377_length_18159_cov_45.7787_4	iSbBS512_1146.SbBS512_E4931	41.9	234	134	1	2	235	3	234	1.4e-45	180.3
k141_1014377_length_18159_cov_45.7787_4	iSSON_1240.SSON_4535	41.9	234	134	1	2	235	3	234	1.4e-45	180.3
k141_1014377_length_18159_cov_45.7787_4	iSDY_1059.SDY_4644	41.5	234	135	1	2	235	3	234	1.9e-45	179.9
k141_1014377_length_18159_cov_45.7787_4	iSF_1195.SF4416	41.5	234	135	1	2	235	3	234	1.9e-45	179.9
k141_1014377_length_18159_cov_45.7787_4	iYL1228.KPN_04840	41.3	225	130	1	11	235	3	225	3.9e-43	172.2
k141_1014377_length_18159_cov_45.7787_4	iYO844.BSU19630	41.3	235	133	4	1	234	1	231	5.1e-43	171.8
k141_1014377_length_18159_cov_45.7787_4	iYS854.USA300HOU_RS00720	41.0	234	135	2	2	234	4	235	6.7e-43	171.4
k141_1014377_length_18159_cov_45.7787_4	iYS854.USA300HOU_RS11545	43.0	235	124	5	2	232	5	233	1.9e-42	169.9
k141_1014377_length_18159_cov_45.7787_17	iMM904.YLR308W	31.5	181	99	10	258	430	123	286	7.2e-09	59.3
k141_1014377_length_18159_cov_45.7787_20	iYO844.BSU15180	33.6	220	145	1	1	219	267	486	8.3e-35	144.4
k141_33313_length_17439_cov_38.0000_1	iCN900.CD630_35200	33.1	287	189	2	1	284	1	287	5.4e-31	132.1
k141_33313_length_17439_cov_38.0000_1	iCN900.CD630_28320	30.8	286	195	3	1	285	22	305	1.3e-27	120.9
k141_33313_length_17439_cov_38.0000_3	iEK1008.Rv0684	25.0	488	253	11	4	390	14	489	6.1e-32	136.3
k141_33313_length_17439_cov_38.0000_3	iSynCJ816.SGL_RS17200	25.1	486	253	12	4	390	9	482	2.8e-29	127.5
k141_33313_length_17439_cov_38.0000_7	STM_v1_0.STM0047	44.4	54	26	1	90	139	103	156	3.5e-05	45.4
k141_33313_length_17439_cov_38.0000_8	iCN900.CD630_19470	44.0	218	114	2	5	214	10	227	8.3e-46	181.0
k141_33313_length_17439_cov_38.0000_10	iCN900.CD630_20200	52.3	690	318	2	9	687	164	853	5.7e-199	691.4
k141_33313_length_17439_cov_38.0000_12	iNF517.LLMG_RS08750	59.0	829	302	7	2	795	4	829	5.9e-301	1030.4
k141_33313_length_17439_cov_38.0000_12	iYS854.USA300HOU_RS09335	59.2	803	317	5	2	795	4	804	3.7e-295	1011.1
k141_33313_length_17439_cov_38.0000_13	iNF517.LLMG_RS07670	46.5	299	154	4	1	294	3	300	3.3e-71	265.8
k141_33313_length_17439_cov_38.0000_13	iYS854.USA300HOU_RS06015	48.1	293	147	4	5	293	11	302	5.7e-68	255.0
k141_33313_length_17439_cov_38.0000_13	iCN900.CD630_25960	45.5	297	155	5	2	292	8	303	3.5e-65	245.7
k141_1872980_length_16231_cov_45.0000_2	iIT341.HP0577	43.1	274	150	3	1	268	8	281	3.6e-59	225.7
k141_1872980_length_16231_cov_45.0000_2	iYO844.BSU24310	44.1	272	147	3	3	269	5	276	6.1e-59	224.9
k141_1872980_length_16231_cov_45.0000_2	iAF692.Mbar_A2315	42.8	271	150	2	3	268	10	280	6.1e-59	224.9
k141_1872980_length_16231_cov_45.0000_2	iYL1228.KPN_00484	44.0	273	147	3	3	269	5	277	4.8e-56	215.3
k141_1872980_length_16231_cov_45.0000_2	iYS854.USA300HOU_RS05295	41.2	272	153	4	3	268	5	275	6.3e-56	214.9
k141_1872980_length_16231_cov_45.0000_2	iML1515.b0529	43.2	273	149	3	3	269	5	277	6.9e-55	211.5
k141_1872980_length_16231_cov_45.0000_2	iSbBS512_1146.SbBS512_E0445	43.2	273	149	3	3	269	5	277	6.9e-55	211.5
k141_1872980_length_16231_cov_45.0000_2	iSF_1195.SF0460	43.2	273	149	3	3	269	5	277	6.9e-55	211.5
k141_1872980_length_16231_cov_45.0000_2	iSSON_1240.SSON_0489	43.2	273	149	3	3	269	5	277	6.9e-55	211.5
k141_1872980_length_16231_cov_45.0000_2	iSDY_1059.SDY_0281	43.2	273	149	3	3	269	5	277	1.5e-54	210.3
k141_1872980_length_16231_cov_45.0000_2	iNF517.LLMG_RS08520	41.8	273	154	3	1	268	1	273	1.0e-53	207.6
k141_1872980_length_16231_cov_45.0000_2	STM_v1_0.STM0542	42.7	274	149	4	3	269	5	277	2.9e-53	206.1
k141_1872980_length_16231_cov_45.0000_2	iAF987.Gmet_1162	41.2	277	156	4	3	273	4	279	5.0e-53	205.3
k141_1872980_length_16231_cov_45.0000_2	iSynCJ816.SGL_RS13155	40.9	276	153	4	3	268	10	285	5.0e-53	205.3
k141_1872980_length_16231_cov_45.0000_4	iYO844.BSU02750	37.2	223	131	4	3	216	2	224	3.8e-35	146.0
k141_1872980_length_16231_cov_45.0000_5	iYO844.BSU26650	28.9	301	202	4	5	294	12	311	3.6e-30	129.4
k141_1872980_length_16231_cov_45.0000_5	iJN1463.PP_0026	29.9	271	185	2	5	270	18	288	4.8e-30	129.0
k141_1872980_length_16231_cov_45.0000_5	STM_v1_0.STM0758	28.3	297	203	6	5	294	19	312	1.1e-29	127.9
k141_1872980_length_16231_cov_45.0000_5	iPC815.YPO1129	29.2	298	201	6	5	295	14	308	2.0e-28	123.6
k141_1872980_length_16231_cov_45.0000_8	STM_v1_0.STM0970	25.9	201	115	10	27	214	26	205	5.3e-05	45.8
k141_1872980_length_16231_cov_45.0000_8	iPC815.YPO1381	25.1	179	108	6	49	216	14	177	3.5e-04	43.1
k141_1872980_length_16231_cov_45.0000_8	iYL1228.KPN_00930	25.0	168	101	6	56	214	26	177	5.9e-04	42.4
k141_1872980_length_16231_cov_45.0000_10	iEK1008.Rv0125	25.3	297	202	9	75	366	53	334	1.3e-11	68.2
k141_1449643_length_16201_cov_37.0000_2	iCN900.CD630_22450	51.0	457	219	2	4	455	9	465	1.1e-147	520.4
k141_1449643_length_16201_cov_37.0000_3	iNF517.LLMG_RS07670	32.0	291	175	9	3	273	4	291	4.2e-28	122.5
k141_1449643_length_16201_cov_37.0000_3	iCN900.CD630_25960	31.6	282	173	8	14	277	21	300	3.0e-26	116.3
k141_1449643_length_16201_cov_37.0000_3	iYS854.USA300HOU_RS06015	31.0	274	172	7	18	276	26	297	3.0e-26	116.3
k141_1449643_length_16201_cov_37.0000_4	iCN900.CD630_19470	40.6	202	115	4	21	219	28	227	3.2e-33	141.0
k141_1449643_length_16201_cov_37.0000_4	iHN637.CLJU_RS10680	37.0	227	128	5	1	224	9	223	1.8e-31	135.2
k141_1449643_length_16201_cov_37.0000_4	iPC815.YPO3012	31.8	264	162	5	2	260	3	253	8.8e-31	132.9
k141_1449643_length_16201_cov_37.0000_4	iYS854.USA300HOU_RS09925	35.5	220	135	3	1	219	3	216	1.3e-29	129.0
k141_1449643_length_16201_cov_37.0000_4	iCN718.ABAYE_RS05140	36.3	226	129	4	2	222	3	218	2.2e-29	128.3
k141_1449643_length_16201_cov_37.0000_4	iCN900.CD630_14890	32.5	255	153	6	1	253	1	238	2.2e-29	128.3
k141_1449643_length_16201_cov_37.0000_4	iJN1463.PP_0114	34.4	221	142	3	1	219	1	220	2.2e-29	128.3
k141_1449643_length_16201_cov_37.0000_5	iCN900.CD630_19470	42.7	220	123	2	4	221	10	228	2.3e-41	167.9
k141_1449643_length_16201_cov_37.0000_11	iCN900.CD630_09000	32.6	215	134	5	1	204	1	215	1.6e-21	100.1
k141_1449643_length_16201_cov_37.0000_11	iYO844.BSU30450	30.3	208	138	4	1	204	1	205	4.8e-21	98.6
k141_1449643_length_16201_cov_37.0000_11	iYO844.BSU02750	28.2	202	138	4	10	204	14	215	2.6e-19	92.8
k141_357375_length_15405_cov_36.4418_1	iIS312.TCDM_05295	26.8	153	108	3	11	160	99	250	4.2e-12	68.6
k141_357375_length_15405_cov_36.4418_14	iHN637.CLJU_RS20665	30.9	217	138	7	2	206	8	224	1.3e-22	104.0
k141_357375_length_15405_cov_36.4418_14	iYO844.BSU26810	29.0	217	143	5	2	207	3	219	6.9e-21	98.2
k141_357375_length_15405_cov_36.4418_14	iCN718.ABAYE_RS16885	29.3	222	144	5	2	210	23	244	1.0e-19	94.4
k141_357375_length_15405_cov_36.4418_18	iAF987.Gmet_1706	25.0	148	101	5	3	145	2	144	1.6e-06	50.4
k141_357375_length_15405_cov_36.4418_18	iAF987.Gmet_2999	24.6	179	121	5	4	173	10	183	6.1e-06	48.5
k141_2120215_length_14774_cov_52.0000_3	iAF987.Gmet_1888	33.6	226	146	2	13	238	11	232	1.8e-28	123.6
k141_2120215_length_14774_cov_52.0000_12	iCHOv1.100770033	24.8	488	301	11	196	634	348	818	5.3e-31	133.7
k141_2120215_length_14774_cov_52.0000_12	iYL1228.KPN_00852	23.7	514	331	12	175	642	232	730	1.3e-29	129.0
k141_1427373_length_14675_cov_31.1213_1	iCN900.CD630_16590	47.5	765	392	5	6	760	16	780	8.8e-177	617.8
k141_1427373_length_14675_cov_31.1213_2	iYS854.USA300HOU_RS11245	33.9	378	213	11	8	378	9	356	2.7e-52	203.4
k141_1427373_length_14675_cov_31.1213_2	iYO844.BSU04560	32.6	383	216	10	8	377	1	354	4.6e-52	202.6
k141_1427373_length_14675_cov_31.1213_2	iSSON_1240.SSON_0356	32.1	377	230	9	2	372	3	359	5.3e-48	189.1
k141_1427373_length_14675_cov_31.1213_2	iSbBS512_1146.SbBS512_E0298	31.4	379	230	10	2	372	3	359	1.2e-47	188.0
k141_1427373_length_14675_cov_31.1213_2	iML1515.b0381	31.8	377	231	9	2	372	3	359	1.5e-47	187.6
k141_1427373_length_14675_cov_31.1213_2	iSF_1195.SF0232	31.8	377	231	9	2	372	3	359	1.5e-47	187.6
k141_1427373_length_14675_cov_31.1213_2	iSDY_1059.SDY_0365	31.8	377	231	9	2	372	3	359	7.6e-47	185.3
k141_1427373_length_14675_cov_31.1213_2	iSynCJ816.SGL_RS07575	33.1	381	211	10	3	370	1	350	1.7e-46	184.1
k141_1427373_length_14675_cov_31.1213_3	iCN900.CD630_26550	30.2	334	225	6	182	514	107	433	9.2e-40	162.2
k141_1427373_length_14675_cov_31.1213_3	iHN637.CLJU_RS05195	31.3	332	215	8	182	509	108	430	2.0e-39	161.0
k141_1427373_length_14675_cov_31.1213_3	iIT341.HP0740	28.1	452	289	11	81	529	73	491	4.5e-39	159.8
k141_1427373_length_14675_cov_31.1213_3	iYO844.BSU04570	34.1	311	191	9	181	488	105	404	3.9e-38	156.8
k141_1427373_length_14675_cov_31.1213_4	iCN718.ABAYE_RS14020	23.9	238	151	8	3	211	62	298	1.8e-11	67.0
k141_1427373_length_14675_cov_31.1213_12	iSynCJ816.SGL_RS16190	26.8	220	144	5	43	254	61	271	9.1e-17	84.7
k141_1427373_length_14675_cov_31.1213_12	iYS854.USA300HOU_RS06130	27.8	230	142	8	39	254	52	271	3.5e-16	82.8
k141_493006_length_12315_cov_48.0000_5	iHN637.CLJU_RS04570	52.8	407	177	7	10	410	1	398	1.0e-110	397.5
k141_493006_length_12315_cov_48.0000_6	iHN637.CLJU_RS13835	61.8	330	124	2	13	340	1	330	1.3e-119	426.8
k141_493006_length_12315_cov_48.0000_6	iYS854.USA300HOU_RS05860	60.7	333	123	3	13	340	1	330	9.5e-115	410.6
k141_493006_length_12315_cov_48.0000_6	iHN637.CLJU_RS04575	59.8	328	130	2	15	340	4	331	1.4e-113	406.8
k141_493006_length_12315_cov_48.0000_6	iYS854.USA300HOU_RS00310	60.9	330	127	2	13	340	1	330	1.2e-112	403.7
k141_493006_length_12315_cov_48.0000_6	STM_v1_0.STM4465	59.9	334	125	3	13	340	2	332	9.8e-112	400.6
k141_493006_length_12315_cov_48.0000_6	iHN637.CLJU_RS12430	54.8	330	147	2	13	340	1	330	4.6e-109	391.7
k141_493006_length_12315_cov_48.0000_6	iPC815.YPO3446	59.2	326	129	3	19	340	7	332	8.6e-108	387.5
k141_493006_length_12315_cov_48.0000_6	iCN900.CD630_20300	58.1	329	134	4	14	340	4	330	1.5e-107	386.7
k141_493006_length_12315_cov_48.0000_7	iHN637.CLJU_RS11590	56.1	314	123	5	1	299	1	314	6.5e-91	331.3
k141_493006_length_12315_cov_48.0000_7	iHN637.CLJU_RS07500	56.2	306	125	2	3	299	5	310	1.2e-89	327.0
k141_493006_length_12315_cov_48.0000_7	iHN637.CLJU_RS04585	56.0	309	124	4	3	299	2	310	1.6e-89	326.6
k141_493006_length_12315_cov_48.0000_7	iYS854.USA300HOU_RS00305	55.0	307	130	2	1	299	1	307	6.1e-89	324.7
k141_493006_length_12315_cov_48.0000_7	iHN637.CLJU_RS13830	54.8	314	127	4	1	299	1	314	1.8e-88	323.2
k141_493006_length_12315_cov_48.0000_7	iYS854.USA300HOU_RS05865	53.6	308	134	3	1	299	1	308	3.0e-88	322.4
k141_493006_length_12315_cov_48.0000_7	iSSON_1240.SSON_3025	55.5	308	127	3	3	301	4	310	4.8e-86	315.1
k141_493006_length_12315_cov_48.0000_8	iCN900.CD630_31000	33.4	491	270	12	3	474	10	462	1.9e-52	204.1
k141_493006_length_12315_cov_48.0000_9	iYS854.USA300HOU_RS09930	34.5	449	245	10	21	446	38	460	6.6e-58	222.2
k141_493006_length_12315_cov_48.0000_10	iNF517.LLMG_RS09915	54.2	240	109	1	1	239	5	244	8.1e-68	254.2
k141_493006_length_12315_cov_48.0000_10	iYO844.BSU23960	53.3	240	111	1	1	239	1	240	1.2e-66	250.4
k141_493006_length_12315_cov_48.0000_10	iCN900.CD630_07520	53.3	240	111	1	1	239	1	240	2.6e-66	249.2
k141_493006_length_12315_cov_48.0000_10	iNF517.LLMG_RS09720	54.8	239	107	1	2	239	7	245	2.6e-66	249.2
k141_493006_length_12315_cov_48.0000_10	iYS854.USA300HOU_RS09925	54.2	240	109	1	1	239	3	242	2.9e-65	245.7
k141_493006_length_12315_cov_48.0000_10	iCN900.CD630_21720	48.8	240	119	1	1	236	1	240	1.3e-62	236.9
k141_1419166_length_11999_cov_51.8917_2	iYS854.USA300HOU_RS06355	31.9	257	161	3	1	244	1	256	2.2e-28	123.2
k141_1419166_length_11999_cov_51.8917_2	iYO844.BSU16540	32.9	255	152	3	1	237	4	257	1.4e-27	120.6
k141_1419166_length_11999_cov_51.8917_12	iCN718.ABAYE_RS04335	35.7	431	261	6	1	424	1	422	3.5e-74	276.2
k141_1419166_length_11999_cov_51.8917_12	iJN1463.PP_4000	36.0	430	256	7	1	420	1	421	1.8e-70	263.8
k141_1419166_length_11999_cov_51.8917_12	iAF987.Gmet_3528	35.0	431	263	5	1	424	1	421	5.8e-69	258.8
k141_1419166_length_11999_cov_51.8917_12	iAF692.Mbar_A0541	35.1	424	268	5	1	424	28	444	5.8e-69	258.8
k141_1419166_length_11999_cov_51.8917_12	iNF517.LLMG_RS03735	35.8	427	258	7	1	420	1	418	8.3e-68	255.0
k141_1419166_length_11999_cov_51.8917_12	iYL1228.KPN_00925	33.6	435	264	7	1	420	1	425	7.1e-67	251.9
k141_57583_length_11775_cov_44.7690_5	iCN900.CD630_25960	29.5	224	137	8	4	214	81	296	4.3e-20	95.5
k141_57583_length_11775_cov_44.7690_5	iNF517.LLMG_RS07670	30.0	213	131	6	4	203	77	284	6.3e-19	91.7
k141_57583_length_11775_cov_44.7690_5	iNF517.LLMG_RS12010	30.5	203	126	5	5	202	82	274	2.4e-18	89.7
k141_57583_length_11775_cov_44.7690_5	iYS854.USA300HOU_RS06015	30.4	207	129	5	4	199	81	283	1.2e-17	87.4
k141_57583_length_11775_cov_44.7690_9	iYS854.USA300HOU_RS02960	30.7	231	133	9	163	371	264	489	1.4e-18	91.3
k141_57583_length_11775_cov_44.7690_9	iYS854.USA300HOU_RS02965	31.3	182	113	4	193	367	313	489	3.2e-18	90.1
k141_57583_length_11775_cov_44.7690_9	iYO844.BSU35730	25.9	224	143	6	172	379	315	531	3.9e-16	83.2
k141_57583_length_11775_cov_44.7690_10	iLB1027_lipid.PHATRDRAFT_14444	27.8	162	98	4	2	144	3	164	9.5e-09	57.4
k141_57583_length_11775_cov_44.7690_11	iAM_Pb448.PBANKA_122430	27.3	150	76	8	13	140	12	150	7.5e-04	41.2
k141_3037055_length_11700_cov_51.0000_3	iAF692.Mbar_A0171	24.2	252	166	9	11	253	9	244	2.1e-05	47.0
k141_3037055_length_11700_cov_51.0000_3	iHN637.CLJU_RS11570	50.0	36	18	0	11	46	9	44	3.0e-04	43.1
k141_3037055_length_11700_cov_51.0000_3	iHN637.CLJU_RS02400	50.0	36	18	0	11	46	9	44	3.0e-04	43.1
k141_3037055_length_11700_cov_51.0000_5	iML1515.b0808	26.5	204	137	4	69	264	524	722	2.7e-08	56.6
k141_3037055_length_11700_cov_51.0000_7	iCN900.CD630_28350	28.3	509	331	7	15	523	17	491	1.7e-46	184.5
k141_3037055_length_11700_cov_51.0000_7	iML1515.b1336	25.3	513	340	8	14	523	28	500	2.3e-43	174.1
k141_3037055_length_11700_cov_51.0000_8	iML1515.b4173	26.8	149	90	4	4	149	199	331	1.1e-04	45.1
k141_3037055_length_11700_cov_51.0000_8	iAF987.Gmet_2444	41.3	46	27	0	7	52	26	71	1.9e-04	44.3
k141_3037055_length_11700_cov_51.0000_8	iJN1463.PP_4893	47.4	38	20	0	4	41	200	237	5.6e-04	42.7
k141_3037055_length_11700_cov_51.0000_8	iAF692.Mbar_A1452	41.5	41	24	0	3	43	6	46	7.3e-04	42.4
k141_1216988_length_10471_cov_47.1119_2	iML1515.b1856	31.6	98	56	3	390	487	314	400	4.5e-04	43.5
k141_1216988_length_10471_cov_47.1119_8	iPC815.YPO2046	32.0	591	378	10	1	582	1	576	9.6e-75	278.5
k141_1216988_length_10471_cov_47.1119_8	iSSON_1240.SSON_1242	32.4	562	357	7	30	582	31	578	1.5e-72	271.2
k141_1216988_length_10471_cov_47.1119_8	iYL1228.KPN_02388	30.7	592	385	8	1	582	1	577	5.8e-72	269.2
k141_1216988_length_10471_cov_47.1119_8	iSbBS512_1146.SbBS512_E2169	32.0	562	358	7	30	582	31	577	5.8e-72	269.2
k141_1216988_length_10471_cov_47.1119_8	iSF_1195.SF1917	31.6	566	363	7	26	582	27	577	1.7e-71	267.7
k141_1216988_length_10471_cov_47.1119_8	iSDY_1059.SDY_1180	31.9	562	359	7	30	582	31	577	2.9e-71	266.9
k141_1216988_length_10471_cov_47.1119_8	iJN1463.PP_5089	31.5	562	346	12	36	582	41	578	3.8e-71	266.5
k141_1216988_length_10471_cov_47.1119_8	iLB1027_lipid.PHATRDRAFT_36013	30.3	577	366	10	32	582	7	573	4.2e-70	263.1
k141_1216988_length_10471_cov_47.1119_8	STM_v1_0.STM1909	32.0	562	358	8	30	582	31	577	3.5e-69	260.0
k141_1216988_length_10471_cov_47.1119_8	iSynCJ816.SGL_RS16720	30.4	560	362	10	36	582	40	584	6.6e-68	255.8
k141_1216988_length_10471_cov_47.1119_11	iIT341.HP0381	32.0	259	160	8	19	271	25	273	9.2e-20	94.7
k141_1216988_length_10471_cov_47.1119_12	iYO844.BSU37100	52.1	413	197	1	1	412	1	413	3.3e-109	392.5
k141_1216988_length_10471_cov_47.1119_12	iYS854.USA300HOU_RS11465	48.4	417	213	2	2	417	4	419	7.5e-106	381.3
k141_1216988_length_10471_cov_47.1119_12	iNF517.LLMG_RS01685	49.2	419	210	2	1	416	1	419	9.9e-106	380.9
k141_1216988_length_10471_cov_47.1119_12	iHN637.CLJU_RS20680	49.6	413	207	1	1	412	1	413	1.1e-104	377.5
k141_1216988_length_10471_cov_47.1119_12	iCN900.CD630_01230	44.7	416	230	0	1	416	7	422	2.0e-98	356.7
k141_963272_length_10441_cov_29.6340_3	iCN900.CD630_09270	29.6	345	197	12	75	394	34	357	6.5e-30	129.0
k141_963272_length_10441_cov_29.6340_3	iYO844.BSU20250	25.4	472	230	10	2	393	4	433	1.1e-29	128.3
k141_963272_length_10441_cov_29.6340_8	iYO844.BSU21900	48.1	158	82	0	2	159	3	160	8.0e-40	160.6
k141_963272_length_10441_cov_29.6340_8	iCN718.ABAYE_RS11095	51.3	156	76	0	2	157	4	159	2.3e-39	159.1
k141_963272_length_10441_cov_29.6340_8	iMM904.YBR244W	48.4	157	81	0	3	159	6	162	7.5e-38	154.1
k141_963272_length_10441_cov_29.6340_8	iNF517.LLMG_RS05525	47.7	155	80	1	3	157	4	157	8.3e-37	150.6
k141_963272_length_10441_cov_29.6340_8	iYS854.USA300HOU_RS06570	47.8	159	76	2	2	157	4	158	7.0e-36	147.5
k141_963272_length_10441_cov_29.6340_10	iPC815.YPO3868	41.5	94	51	1	8	97	11	104	5.1e-21	97.4
k141_963272_length_10441_cov_29.6340_10	iML1515.b3781	41.9	93	50	1	6	94	9	101	4.4e-20	94.4
k141_963272_length_10441_cov_29.6340_10	STM_v1_0.STM3915	41.9	93	50	1	6	94	9	101	4.4e-20	94.4
k141_963272_length_10441_cov_29.6340_10	iSbBS512_1146.SbBS512_E4140	41.9	93	50	1	6	94	9	101	4.4e-20	94.4
k141_963272_length_10441_cov_29.6340_10	iSDY_1059.SDY_3968	41.9	93	50	1	6	94	27	119	4.4e-20	94.4
k141_963272_length_10441_cov_29.6340_10	iSF_1195.SF3854	41.9	93	50	1	6	94	27	119	4.4e-20	94.4
k141_963272_length_10441_cov_29.6340_10	iSSON_1240.SSON_3952	41.9	93	50	1	6	94	27	119	4.4e-20	94.4
k141_963272_length_10441_cov_29.6340_10	iYL1228.KPN_04282	41.9	93	50	1	6	94	9	101	7.4e-20	93.6
k141_963272_length_10441_cov_29.6340_10	iYS854.USA300HOU_RS05725	46.9	96	45	3	2	93	3	96	1.1e-18	89.7
k141_963272_length_10441_cov_29.6340_10	iIT341.HP0824	43.0	93	47	2	6	94	8	98	1.4e-18	89.4
k141_963272_length_10441_cov_29.6340_10	iJN1463.PP_5215	36.5	96	57	1	6	97	10	105	1.4e-18	89.4
k141_963272_length_10441_cov_29.6340_11	iCN900.CD630_21170	51.8	301	141	3	1	297	1	301	3.0e-80	295.8
k141_487296_length_10333_cov_45.0128_1	iCN900.CD630_07540	29.2	154	104	3	4	152	5	158	4.0e-12	68.6
k141_487296_length_10333_cov_45.0128_4	iLJ478.TM1374	27.4	186	124	4	3	179	2	185	2.2e-09	59.7
k141_487296_length_10333_cov_45.0128_4	iCN900.CD630_18140	27.4	164	110	4	6	161	7	169	6.3e-09	58.2
k141_487296_length_10333_cov_45.0128_4	iEK1008.Rv2228c	30.5	164	103	4	2	156	165	326	6.3e-09	58.2
k141_487296_length_10333_cov_45.0128_4	STM_v1_0.STM4585	32.7	107	70	2	1	105	1	107	2.4e-08	56.2
k141_487296_length_10333_cov_45.0128_5	iYS854.USA300HOU_RS09175	47.1	412	210	5	3	406	5	416	3.3e-106	382.5
k141_487296_length_10333_cov_45.0128_5	iNF517.LLMG_RS02055	46.3	421	206	5	1	406	1	416	6.3e-105	378.3
k141_487296_length_10333_cov_45.0128_11	iYS854.USA300HOU_RS12240	27.6	435	282	10	5	426	4	418	2.5e-35	147.1
k141_487296_length_10333_cov_45.0128_12	iYS854.USA300HOU_RS06995	30.8	266	180	3	1	265	1	263	4.6e-30	129.0
k141_1942780_length_9603_cov_45.0000_1	iYO844.BSU15180	36.5	293	174	4	11	292	19	310	1.4e-45	180.6
k141_1942780_length_9603_cov_45.0000_1	iHN637.CLJU_RS05190	36.9	295	177	4	6	294	13	304	4.0e-45	179.1
k141_1942780_length_9603_cov_45.0000_1	iCN900.CD630_26640	35.1	291	177	5	13	294	20	307	1.7e-40	163.7
k141_1942780_length_9603_cov_45.0000_2	iYO844.BSU40320	30.5	236	153	4	58	284	58	291	3.5e-25	112.8
k141_1942780_length_9603_cov_45.0000_6	iYO844.BSU15230	42.6	298	169	2	2	298	1	297	4.7e-65	245.4
k141_1942780_length_9603_cov_45.0000_6	iHN637.CLJU_RS01560	43.9	305	162	5	3	303	5	304	1.6e-60	230.3
k141_1942780_length_9603_cov_45.0000_7	iYO844.BSU15220	37.5	363	216	4	1	352	1	363	2.3e-63	240.0
k141_1942780_length_9603_cov_45.0000_7	iNF517.LLMG_RS04660	38.2	351	206	6	1	343	1	348	2.8e-61	233.0
k141_2130146_length_9546_cov_39.6464_5	iYS854.USA300HOU_RS01730	31.7	139	83	4	9	136	92	229	6.4e-09	58.2
k141_2130146_length_9546_cov_39.6464_11	iCN900.CD630_18060	22.9	306	217	6	2	290	3	306	2.3e-08	58.2
k141_1020481_length_8020_cov_37.3210_6	iCN900.CD630_14790	50.0	56	25	2	125	178	4	58	1.6e-06	50.8
k141_1020481_length_8020_cov_37.3210_6	iCN900.CD630_32740	45.3	53	28	1	126	178	4	55	1.8e-05	47.4
k141_1020481_length_8020_cov_37.3210_9	iYS854.USA300HOU_RS09310	46.8	124	66	0	1	124	105	228	4.8e-27	117.9
k141_847858_length_8007_cov_35.0000_2	iYO844.BSU38500	29.7	508	309	10	1	474	1	494	6.0e-54	209.1
k141_847858_length_8007_cov_35.0000_2	iYS854.USA300HOU_RS04620	29.3	488	314	10	3	474	4	476	1.5e-52	204.5
k141_847858_length_8007_cov_35.0000_2	iNF517.LLMG_RS06160	30.2	507	294	17	7	474	3	488	3.8e-48	189.9
k141_847858_length_8007_cov_35.0000_3	iCN900.CD630_10620	35.5	76	42	3	2	73	3	75	9.6e-04	39.7
k141_847858_length_8007_cov_35.0000_4	iJN1463.PP_1280	27.6	333	205	7	84	409	86	389	1.7e-32	137.9
k141_847858_length_8007_cov_35.0000_10	iCN900.CD630_27420	31.6	76	50	1	1	74	1	76	6.1e-06	47.0
k141_221786_length_7666_cov_39.0399_4	iCN718.ABAYE_RS03640	44.8	183	96	1	12	194	4	181	2.3e-45	179.5
k141_221786_length_7666_cov_39.0399_4	iMM904.YBL064C	42.3	220	113	4	12	225	50	261	3.4e-44	175.6
k141_523827_length_7297_cov_44.0000_6	iCN900.CD630_12260	39.8	347	172	14	1	331	8	333	2.8e-42	169.9
k141_1976759_length_7292_cov_43.8617_2	iYS854.USA300HOU_RS08680	47.9	420	218	1	1	419	1	420	6.4e-116	414.8
k141_1976759_length_7292_cov_43.8617_4	iYO844.BSU27600	38.3	736	423	11	2	713	3	731	4.7e-148	522.3
k141_1976759_length_7292_cov_43.8617_4	iYS854.USA300HOU_RS08695	36.8	722	434	9	9	713	10	726	5.7e-138	488.8
k141_1976759_length_7292_cov_43.8617_4	iCN900.CD630_27440	38.1	738	409	13	8	712	6	728	7.5e-138	488.4
k141_1976759_length_7292_cov_43.8617_4	iAF987.Gmet_2325	36.4	723	434	10	6	713	2	713	1.7e-137	487.3
k141_1862078_length_6929_cov_38.0000_1	iCN900.CD630_26100	47.5	324	167	3	2	323	5	327	4.3e-80	295.4
k141_1862078_length_6929_cov_38.0000_1	iSSON_1240.SSON_3515	44.2	328	179	3	4	327	6	333	1.5e-77	287.0
k141_1862078_length_6929_cov_38.0000_1	iSF_1195.SF3402	44.2	328	179	3	4	327	6	333	2.0e-77	286.6
k141_1862078_length_6929_cov_38.0000_1	iSbBS512_1146.SbBS512_E3761	44.2	328	179	3	4	327	6	333	3.4e-77	285.8
k141_1862078_length_6929_cov_38.0000_1	STM_v1_0.STM3481	44.2	328	179	3	4	327	6	333	5.8e-77	285.0
k141_1862078_length_6929_cov_38.0000_1	iSDY_1059.SDY_3695	43.9	328	180	3	4	327	6	333	5.8e-77	285.0
k141_1862078_length_6929_cov_38.0000_1	iPC815.YPO0157	44.8	324	175	3	4	323	18	341	1.3e-76	283.9
k141_1862078_length_6929_cov_38.0000_1	iYS854.USA300HOU_RS04940	43.0	328	186	1	1	327	1	328	1.7e-76	283.5
k141_1862078_length_6929_cov_38.0000_1	iYL1228.KPN_03755	43.3	328	182	3	4	327	6	333	3.2e-75	279.3
k141_1862078_length_6929_cov_38.0000_3	iYS854.USA300HOU_RS07000	34.6	419	258	5	1	407	1	415	9.1e-48	188.3
k141_1862078_length_6929_cov_38.0000_3	iYS854.USA300HOU_RS06995	28.2	419	285	6	1	406	1	416	8.5e-46	181.8
k141_1862078_length_6929_cov_38.0000_5	iYO844.BSU03040	30.5	220	131	7	21	233	70	274	2.0e-21	100.5
k141_1862078_length_6929_cov_38.0000_7	iYS854.USA300HOU_RS08305	26.6	271	148	7	2	261	12	242	2.8e-19	94.0
k141_1862078_length_6929_cov_38.0000_7	iYO844.BSU02860	25.5	243	138	6	1	233	4	213	2.4e-18	90.9
k141_1862078_length_6929_cov_38.0000_7	iYS854.USA300HOU_RS09925	29.0	241	128	7	1	231	4	211	3.1e-18	90.5
k141_1862078_length_6929_cov_38.0000_7	iLJ478.TM0191	26.6	244	126	9	1	231	2	205	3.1e-18	90.5
k141_1862078_length_6929_cov_38.0000_7	iLJ478.TM0124	27.0	241	126	7	1	235	4	200	2.7e-17	87.4
k141_1862078_length_6929_cov_38.0000_7	iNF517.LLMG_RS12030	28.1	274	150	12	1	262	4	242	3.5e-17	87.0
k141_1862078_length_6929_cov_38.0000_7	iCN900.CD630_21720	26.7	270	161	9	1	257	2	247	1.0e-16	85.5
k141_1862078_length_6929_cov_38.0000_7	iSynCJ816.SGL_RS04625	27.2	224	121	6	3	218	25	214	1.0e-16	85.5
k141_350144_length_6237_cov_38.8629_7	iSynCJ816.SGL_RS05525	34.8	115	64	4	66	179	28	132	4.9e-07	52.0
k141_350144_length_6237_cov_38.8629_7	iCN900.CD630_23770	28.9	121	69	3	62	177	37	145	2.4e-06	49.7
k141_3101004_length_5629_cov_47.0000_2	iHN637.CLJU_RS14475	48.9	1171	555	15	3	1137	6	1169	4.2e-308	1054.7
k141_3101004_length_5629_cov_47.0000_2	iHN637.CLJU_RS04605	46.8	1173	583	13	3	1141	5	1170	4.6e-299	1024.6
k141_3101004_length_5629_cov_47.0000_2	iCN900.CD630_26820	45.4	1177	600	10	3	1139	6	1179	1.2e-291	1000.0
k141_3101004_length_5629_cov_47.0000_2	iNF517.LLMG_RS02275	45.2	1176	595	18	1	1137	1	1165	2.0e-281	966.1
k141_2489345_length_5346_cov_39.5141_2	iCN900.CD630_35500	38.1	226	123	6	18	234	4	221	7.4e-34	141.4
k141_2489345_length_5346_cov_39.5141_4	iNF517.LLMG_RS07160	35.8	372	217	7	11	366	7	372	5.0e-61	232.3
k141_2489345_length_5346_cov_39.5141_4	iYO844.BSU25500	35.3	374	225	7	10	366	2	375	5.8e-57	218.8
k141_2489345_length_5346_cov_39.5141_4	iCN900.CD630_24640	35.7	350	197	4	12	333	4	353	1.9e-55	213.8
k141_2489345_length_5346_cov_39.5141_4	iHN637.CLJU_RS03910	35.6	331	203	4	11	332	13	342	4.1e-55	212.6
k141_2489345_length_5346_cov_39.5141_6	iEK1008.Rv0684	26.5	495	224	16	1	371	10	488	2.7e-24	110.9
k141_657588_length_4118_cov_46.0000_3	iHN637.CLJU_RS06465	28.1	303	206	8	1	294	2	301	5.8e-26	115.5
k141_657588_length_4118_cov_46.0000_4	iYO844.BSU29470	51.6	399	184	4	2	397	3	395	2.2e-115	412.9
k141_657588_length_4118_cov_46.0000_4	iHN637.CLJU_RS06265	51.4	403	183	6	1	397	1	396	1.8e-112	403.3
k141_657588_length_4118_cov_46.0000_4	iLJ478.TM0274	52.1	403	183	7	1	397	1	399	4.3e-111	398.7
k141_657588_length_4118_cov_46.0000_4	iCN900.CD630_11750	48.3	404	196	7	1	397	1	398	8.8e-104	374.4
k141_657588_length_4118_cov_46.0000_5	iCN900.CD630_07540	39.0	277	168	1	1	276	113	389	2.4e-55	213.0
k141_220607_length_4090_cov_38.5766_2	iAF987.Gmet_1568	33.8	136	88	2	2	137	11	144	3.3e-15	79.3
k141_220607_length_4090_cov_38.5766_2	iLB1027_lipid.PHATRDRAFT_20318	38.2	131	75	3	11	135	71	201	3.3e-15	79.3
k141_220607_length_4090_cov_38.5766_2	iAF692.Mbar_A1238	37.0	138	86	1	10	147	15	151	5.6e-15	78.6
k141_220607_length_4090_cov_38.5766_2	iCN900.CD630_17030	41.9	105	58	2	17	121	82	183	3.7e-14	75.9
k141_220607_length_4090_cov_38.5766_2	iAF987.Gmet_1043	32.5	117	78	1	18	134	63	178	1.4e-13	73.9
k141_3476478_length_3058_cov_49.6304_2	iYO844.BSU35530	37.3	357	209	8	1	351	2	349	5.3e-47	185.7
k141_3476478_length_3058_cov_49.6304_4	iHN637.CLJU_RS01130	46.2	145	73	4	1	141	1	144	3.2e-27	118.6
k141_3476478_length_3058_cov_49.6304_4	iYO844.BSU36920	44.0	150	76	5	1	144	1	148	8.7e-25	110.5
k141_3476478_length_3058_cov_49.6304_4	iLJ478.TM1080	43.4	143	76	3	1	139	1	142	5.6e-24	107.8
k141_3476478_length_3058_cov_49.6304_6	iYS854.USA300HOU_RS11465	51.3	39	19	0	1	39	381	419	6.2e-05	42.7
k141_3476478_length_3058_cov_49.6304_6	iNF517.LLMG_RS01685	55.3	38	17	0	1	38	382	419	8.1e-05	42.4
k141_3476478_length_3058_cov_49.6304_6	iLJ478.TM0108	47.4	38	20	0	1	38	381	418	3.1e-04	40.4
k141_779878_length_2834_cov_34.0000_2	iNF517.LLMG_RS02790	38.4	190	104	1	1	177	16	205	3.5e-31	132.1
k141_1329944_length_2419_cov_22.8297_1	iCN900.CD630_27420	27.8	176	94	4	1	145	31	204	1.4e-17	86.7
k141_2894669_length_2414_cov_10.8918_3	iIT341.HP0197	33.8	68	42	2	3	67	10	77	1.8e-04	43.9
