Sample,baseMean,log2FoldChange,lfcSE,stat,pvalue,padj
(+)-12-methyl myristic acid,947.1589210098252,1.3529623389763186,0.49680540805662105,2.723324498959804,0.006462854327347127,0.02119571182238963
(+)-24-Dammarene-3beta-20S-diol,659.6505900040831,-1.5351555107601171,0.37986818261805233,-4.041284795635744,5.3159151610463384e-05,0.001081945085718843
(+)-Catechin hydrate,941.8213057099099,-1.3477886618014443,0.4586190895335773,-2.93879756111366,0.0032948820652658486,0.013256153425371902
(+)-Isostearic acid,65887.75478647658,-0.4352500703889242,0.2622245422147122,-1.6598372780551445,0.09694719217388523,0.16824521624341246
(2-aminoethoxy)[2-(hexadecanoyloxy)-3-[octadec-1-en-1-yloxy]propoxy]phosphinic acid,701.5883596543725,-2.1389430798642177,0.7670127751573595,-2.78866682425908,0.005292548155814368,0.018976390278878458
(2-aminoethoxy)[2-(hexadecanoyloxy)-3-[octadec-11-enoyloxy]propoxy]phosphinic acid,11888.008011320058,-0.03525629990799162,0.8654630629340216,-0.0407369204047468,0.9675056277866879,0.9745471534619913
(2-aminoethoxy)[2-[hexadec-9-enoyloxy]-3-[octadeca-1.11-dien-1-yloxy]propoxy]phosphinic acid,17671.27389773476,-1.1991490833863778,0.7956021244301849,-1.507222073150214,0.1317537442105367,0.21759806919735417
(2-aminoethoxy)[2-[icosa-5.8.11-trienoyloxy]-3-[octadec-1-en-1-yloxy]propoxy]phosphinic acid,11353.382989622942,-1.0421645932541248,0.9473846529957676,-1.1000437783730708,0.27131304792427946,0.3883370853562687
(2-aminoethoxy)[3-[hexadec-1-en-1-yloxy]-2-(hexadecanoyloxy)propoxy]phosphinic acid,994.5035540817598,0.5308084712958141,0.8178739783051577,0.6490100985921864,0.5163318488518258,0.6290521820518723
(2-aminoethoxy)[3-[hexadec-1-en-1-yloxy]-2-[hexadec-9-enoyloxy]propoxy]phosphinic acid,5329.8032001750125,0.5047751229352381,0.8539519846162439,0.5911048068611002,0.5544501993244149,0.6649558716334404
"(3S,5S)-3,5-Diaminohexanoate",1904.4410813558668,1.5907807620376424,0.4693429262859097,3.3893783690873955,0.0007005127820962268,0.004752498482456754
"(3b,5a,6b,22a,25R)-Furostane-22-methoxy-3,6,26-triol 3-[glucosyl-(1->2)-[xylosyl-(1->3)]-glucosyl-(1->4)-galactoside] 26-glucoside",4208.606669968391,-2.5595444571766293,0.6995581084435217,-3.658801786847235,0.00025339722547278415,0.0026760023946782794
(E)-4-stilbenol,262.97775902160225,1.2523542066546387,1.369523178951397,0.9144454258989095,0.36048284175826173,0.4797194740321483
(S)-[8]-Gingerol,4973.668294354847,-1.295937946574593,0.6839364580801292,-1.8948221450460572,0.0581159683309825,0.11296699462089857
"(S,S)-(+)-Tetrandrine",263.9048752830783,-0.604200295941309,0.6416185822208852,-0.9416814174083654,0.3463557717071736,0.46449262407241104
"(Z)-4',6-Dihydroxyaurone",2527.436033753226,-0.3888578671811524,0.7974076786479042,-0.48765252403952936,0.6257959851123115,0.7217513694961992
"(Z,Z,Z)-1,8,11,14-Heptadecatetraene",718.768390677364,0.6800598144331064,0.4893064516994219,1.389844364551447,0.16457614297698497,0.2582464647167202
(±)14(15)-EET,460.01893553718475,-0.5973701371418212,0.5696559631765719,-1.048650722114286,0.29433890198617463,0.4123127938753702
(±)8(9)-EET,272.95363950145145,0.5924495795367453,0.6583580017014219,0.8998896922429032,0.3681789561416273,0.4868391526824312
"1,2-Dipalmitoylphosphatidylcholine",3975.1492978041124,-2.2375987298508386,0.6616949417767385,-3.381616797375827,0.0007206059147242943,0.00484135235911856
1-Naphthylamine,207.02772605904042,0.8171214566149752,0.42757740562451035,1.9110491945230481,0.055998259225244255,0.10946552368324583
1-O-Hexadecyl-sn-glycero-3-phosphocholine,242.26444295887103,1.742595461622165,0.6394835092739367,2.725004533112497,0.0064300604232158,0.021188580061263493
1-Oleoyl-Sn-Glycero-3-Phosphocholine,312.6182957842507,0.7852702290226422,0.7807028715015211,1.005850314745656,0.31448757975459163,0.43351674340672786
1-Pyrroline,5492.434605999131,2.484636897498868,0.5090504818570682,4.880924360261203,1.055897387354841e-06,8.118677689439444e-05
"10-hydroperoxy-8E,12Z-octadecadienoic acid",171.5678043924682,1.5831113216395531,0.5806581181838761,2.7264086595242123,0.006402767114551147,0.021188580061263493
11-Cyclohexylundecanoic acid,239.49011286737976,0.15780754089813115,0.41853028702693185,0.37705166337932544,0.7061352115886461,0.7907318754614977
11-dehydro TXB2,379.37063441679817,2.281326930519882,0.767661551094538,2.97178740718113,0.0029607161672368094,0.012477540306432907
11b-PGF2a,1836.5208291888935,0.30849804112522466,0.5422885175512173,0.5688817504716722,0.5694363909116826,0.6759004845812768
12(S)-Hydroperoxyeicosatetraenoic Acid [12(S)-Hpete],873.2119952372789,1.203195155310072,0.47118265376642054,2.553564197858888,0.010662662032253724,0.0322207953114392
12-Hydroxydodecanoic Acid,175.55861603262977,0.34001033830671806,0.49245479046741497,0.6904397010413813,0.4899177174451883,0.6053983222715541
"12-nitro-9Z,12Z-octadecadienoic acid",16.95022564088207,-0.41908543717408725,0.5931503728110721,-0.7065416400025979,0.4798513671889594,0.5972250829042444
12R-hydroxy-9Z-octadecenoic acid,2681.7233120063333,2.5908230859970485,0.6254707703187593,4.142196900227145,3.439948174968048e-05,0.0008501586203849604
"13,16,19-docosatrienoic acid",898.9635854244698,1.904455603936455,0.7257688202489446,2.6240526608503396,0.008689034953778981,0.02745576341559386
13-OxoODE,4870.845883748147,1.4203887589144393,0.653301189634995,2.1741713951386235,0.029692265754688776,0.06945460906006534
15-Oxoete,1795.2447150360283,1.08781605544273,0.5602746200313484,1.9415765350603682,0.05218838582035827,0.1046765500940554
16:0 Cholesteryl ester,3110.721130598026,-0.8994119373247214,0.7115948143785219,-1.2639382962764159,0.20625217487899894,0.3076002263281622
17(R)-Resolvin D1,1046.9495597433631,1.1880238160992511,0.5624150086493058,2.1123615085458076,0.03465545384156598,0.07761027203353935
2'-Deoxyguanosine 5'-Monophosphate,1833.9476502681828,-1.420567661039861,0.4794500352805574,-2.962910744617204,0.0030474492103517922,0.012627753614152337
2'-Deoxyinosine-5'-monophosphate sodium salt,781.0346546938467,2.8116152704048067,0.7113651954242821,3.95242174974257,7.736423163815451e-05,0.0012746678165143554
2'-deoxyadenosine,13077.646600469012,-0.7067346263274169,0.4700313492098227,-1.5035904041624457,0.13268686342617275,0.2186174035497894
"2,3-Epoxymenaquinone",413.8123376696979,-0.8084431013983702,0.48535686813198003,-1.6656673768929449,0.09577968313929029,0.1673338982300926
2-Hydroxyphenylacetic acid,3482.1352078351374,2.5709491834771145,0.6492305402409797,3.9599942148791034,7.49515790704742e-05,0.0012650364077260523
2-Isopropylmalic acid,415.05108246676457,0.6177661367689654,0.692232297932463,0.8924260520840899,0.37216461238295684,0.4868391526824312
2-Ketohexanoic acid /2-oxohexanoic acid,149.82043523687202,-0.3267842723756972,0.36493358021879657,-0.8954623254450113,0.37053999657948544,0.4868391526824312
2-Methylhippuric acid,302.03436046309406,3.1353826041035746,1.1340465046867962,2.764774276139154,0.005696219737605881,0.020009056134128272
2-methoxy-6Z-hexadecenoic acid,369.5708708390072,0.6597759742817342,0.8124353142334366,0.8120966219990791,0.4167361913540152,0.5360249896226367
2-oxophytanic acid,1803.676452464085,-1.297661786047226,0.325530563266897,-3.9862978548754424,6.711225391537155e-05,0.0011908123002419772
20-Carboxy-Leukotriene B4,207.63145479081854,1.0108668904870401,0.439678494761213,2.2991046924777083,0.02149899511677936,0.05436273777486231
22-hydroxydocosanoic acid,528.5118066131466,1.446828868120701,0.5223668431142104,2.76975632583243,0.005609824411347903,0.01980611475843239
2iP(N6-Isopentenyladenine ),3596.4336067098275,-0.22043862744857473,0.6417896117935845,-0.3434749073493468,0.7312412149500634,0.8122294072960576
3'-Aenylic acid,13141.25639372333,-0.1181165815666545,0.46782117337932483,-0.2524823336093035,0.8006682676178802,0.8630256093326684
"3,4-Dehydrolycopene/ 3,4-Didehydrolycopene",974.3265830139256,1.1223621823131695,0.466858942687607,2.4040712936802078,0.016213610913046628,0.04434710969102081
"3,4-Dihydroxyphenylacetaldehyde",134.87342282596032,-1.437588239103797,0.5962757134528468,-2.4109454848985408,0.015911226516901834,0.04386680776771342
3-Methyl-2-Oxovalerate,1270.225463210913,-1.1592662411662618,0.31142892507465997,-3.7224103088316114,0.00019733001428080886,0.002393445207717489
3-Methylindole,2477.3487305511835,1.5430051913272886,0.7444809423744951,2.0725919274789346,0.03821027294901273,0.08377080567300532
3-hydroxy-2-phenylchromen-4-one,15.881641987676971,-1.5398971937071113,0.4579186724012656,-3.362818086521984,0.0007715118589246718,0.0049895907137932054
3-oxo-5S-amino-hexanoic acid,414.7083790191451,-0.7547601624150715,0.6255850443338473,-1.2064869025422051,0.227629806184941,0.33658082452987
3-oxoglycyrrhetinic acid,2158.5161456413507,-1.2442289832426425,0.3773682098821887,-3.297121884302551,0.0009768110134714145,0.005777377960018964
"3a,7a,12a-Trihydroxy-5b-cholestan-26-al",395.45055698783574,-0.47993979001112363,0.3244173118123264,-1.4793901944689256,0.13903605928849114,0.22638341888855498
"4,4'-dihydroxy-3,5-dimethoxydihydrostilbene",112.87764520615228,-0.2907526920225616,0.39494283539995306,-0.7361893063033298,0.4616154992191377,0.5797421514694071
4-Coumaryl alcohol,7988.22558508747,1.4862006871576592,0.6975813865148416,2.1305050792464617,0.03312993692290911,0.07531016600955134
4-Hydroxybenzenesulfonic acid,1913.1974093142842,-1.7487776493891056,0.7065685386544243,-2.47502903641796,0.0133225343932532,0.03793906913634245
4-Hydroxyphenyllactic acid,2230.9160432504664,1.7042158309786646,0.4738196431543908,3.5967606147205635,0.0003222047514825085,0.002964333993686887
4-Isopropylbenzoic acid,239.2604106363736,-1.0008707696360444,0.3605609132294199,-2.7758715182729867,0.005505395970141508,0.019637804182154245
4-Methylthiobutyl glucosinolate,634.4786818128483,-1.1441267669670028,0.3247969468248578,-3.522590893023256,0.0004273504745353405,0.0033605287315733594
4-[(Hydroxymethyl)nitrosoamino]-1-(3-pyridinyl)-1-butanone,295.55560883763025,-0.8806703570395518,0.29112545755762614,-3.0250544367636745,0.0024858838035893157,0.01117033501353121
"4-{[(5,5,8,8-Tetramethyl-5,6,7,8-tetrahydronaphthalen-2-yl)carbonyl]amino}benzoic acid",1410.9581944018746,-0.49916467963139516,0.27986542934689473,-1.7835882080765244,0.07449060311413752,0.13745999294662178
"5,6-Dihydroxyprostaglandin F1a",306.64265206928627,-0.009826920017562198,0.4404166543261386,-0.02231278022988917,0.9821984542716445,0.9821984542716445
5-AMINOIMIDAZOLE-4-CARBOXAMIDE-1-BETA-D-RIBOFURANOSYL 5'-MONOPHOSPHATE,773.2651641728394,1.088249413788032,0.5395243742741413,2.017053289301577,0.04368995249151019,0.09133971940823278
5-Formiminotetrahydrofolic acid,619.0165892624386,1.7105944272073792,0.5913113111134061,2.892882978995321,0.003817234889558638,0.014594069301517004
"5-Hydroperoxy-6-trans-8,11,14-cis-eicosatetraenoate (5-HPETE)",194.65928743316593,1.2226969594385466,0.40647974659998176,3.0080144697635016,0.002629606172395928,0.011664663277551167
5-Hydroxyisourate,3339.4512909148857,-1.680599473522828,0.7940477058058287,-2.1164968568447584,0.034302572247895596,0.07706941556994724
5-O-Methylembelin,660.4431271860547,-0.5398390315904722,0.5621335974206167,-0.9603393820749294,0.33688443560174575,0.45532036999298453
6α-METHYLPREDNISOLONE ACETATE,5149.101467001112,-1.1501125539027617,0.3486320422123999,-3.2989295722912044,0.0009705425761451638,0.005777377960018964
7-Hydroxyflavanone beta-D-glucopyranoside,2105.0712142255607,-1.5904512709615883,0.7315952259192136,-2.1739497670494834,0.02970890792164645,0.06945460906006534
7-Methyl-3-oxo-6-octenoyl-CoA,911.5234922311674,-1.5452839284691124,0.4604183017114929,-3.356260866965748,0.0007900401029524092,0.005062108807806177
7-hydroxy-3-(4-hydroxyphenyl)chromen-4-one,768.7510733852362,-0.15206577989514167,1.1941804220666927,-0.1273390327669005,0.898672068068434,0.935159505418581
7alpha-Hydroxy-3-oxo-4-cholestenoate,1009.550571743669,1.621668405445396,0.9402991129424186,1.7246303682780382,0.08459410699267242,0.15126388123754345
"7α,27-dihydroxycholesterol",405.5284729358841,0.9541013962145733,0.4695133400518574,2.0321071092659335,0.04214281384000739,0.08936576299022096
8(S)-HETE,1418.4991771799173,0.3424710338884017,0.4226491398684146,0.8102962991833482,0.4177699018405815,0.5363576476320637
8-HETE,5249.594346807952,-0.7961067012117701,0.47099825944349394,-1.6902540195210205,0.09097936768630072,0.16143005753569253
"9,9'-di-cis-zeta-carotene",543.7612035979882,0.7829692480818601,0.3694393321343618,2.119344585099838,0.034061356298732456,0.07677673797629596
9Z-Octadecenedioic acid,272.55897001908477,1.48007042491731,0.5382160449577013,2.749955968023268,0.0059603273336602865,0.020520131914890143
Abietic acid,1344.0094325637915,1.5722639865485222,0.5305464728003993,2.963480236235657,0.003041815946153709,0.012627753614152337
Adenosine Diphosphate,890.2868464967984,0.5622929335686352,0.5310616928897164,1.0588090632351532,0.2896867452246481,0.4080460627369611
Adenosine triphosphate,832.063539591271,1.8647946354443148,0.9052402090981259,2.059999784258562,0.0393985614434564,0.08546647184599321
Allyl 3-cyclohexylpropionate,119.1284301585533,1.1187625495725022,0.4460258903826631,2.5082906030694136,0.012131684843896092,0.034979691299900396
Amabiline,2676.7067481869735,-3.1239490740336318,1.0276749111975871,-3.039822262852734,0.002367178007807888,0.010920581209353724
Amygdalin,3181.5733470279492,-0.808484311236228,0.33021139681706674,-2.448384032257127,0.014349861575475353,0.04036627727735343
Antimycin A,216.4657488052228,2.452906997627031,0.5522635210030816,4.4415517309051875,8.931246901478003e-06,0.0003090211427911389
Arvensoside D,1641.3055352526383,-0.1754272422171527,1.1127465626505262,-0.15765246832063062,0.8747306567655937,0.9157543335579287
Auriculoside,250.0128493305102,-1.4239534582613205,0.43896417121205034,-3.2438944944630834,0.0011790741118510363,0.006633490125210708
Avermectin A1a,428.4367666269078,-1.1691553394806165,0.3150380367841468,-3.71115612392443,0.00020631480173260666,0.002393445207717489
BRUCINE,148.01196825125967,-0.2675713692777483,0.6233491416243326,-0.4292479950810661,0.6677427584262069,0.7575048997228445
Baicalein,415.542305757641,-1.2965909247239575,0.43826693889350726,-2.9584502266985075,0.0030919016915142714,0.012735690300761167
Benalfocin,334.94179358539697,-1.3664377035289574,0.7223005929117199,-1.8917853826211166,0.0585195816564697,0.11311606286669561
Beta-Leucine,572.2154144624299,2.477096202651839,0.8730957497482184,2.8371415201209937,0.004551943082354204,0.016844623598872243
Bilirubin,160.0236995443901,0.05180038567326097,0.7945087386422638,0.06519800620668145,0.9480163485699065,0.9674276322544652
Biliverdin,645.8553530389269,0.9243292527768853,0.6024677026991465,1.5342386797429144,0.12497094512016148,0.20888863290616363
Biochanin A 7-O-beta-d-glucoside-6''-O-malonate,100.470017327443,-0.9511812342779896,0.31903863774502395,-2.9813982438019773,0.0028693538573335473,0.012181551345244263
Biotin,2401.9385510954307,-0.5446597013955993,0.4658754873199801,-1.1691100223556243,0.24235930643570913,0.3545721777029825
Bisindolylmaleimide I,400.5151396124244,-1.3535762771465805,0.3682014907402062,-3.6761835874847946,0.00023674917589761979,0.0026004830114468715
CHEBI:39547,2395.0852656004963,0.15131876774704514,0.5040180775666616,0.30022488176930845,0.764005627076185,0.8365378068618988
"CL(10:0/11:0/18:2(9Z,11Z)/21:0)",71.59703288786547,0.8163170122662501,0.46669841801810613,1.7491317320783808,0.08026825124925262,0.1450934347722649
CL(10:0/21:0/22:0/22:0),5374.367380308546,-1.6434692798293142,0.9846627551203198,-1.6690681873394229,0.09510386710959967,0.16714520904520833
"CL(11:0/18:2(9Z,11Z)/21:0/a-21:0)",158785.77055411437,-0.8536743565409114,0.9507687054300847,-0.8978780555831901,0.3692505650318805,0.4868391526824312
"CL(11:0/18:2(9Z,11Z)/22:0/22:0)",4846.307087192947,-0.1522398889122309,0.9030917476717222,-0.1685763260540509,0.8661299031040743,0.9130637302396442
"CL(12:0/16:0/18:2(9Z,11Z)/24:0)",11487.241892433389,-0.14807480597582923,0.8747148334495921,-0.16928351996943977,0.8655736380619432,0.9130637302396442
"CL(16:0/16:0/18:2(9Z,11Z)/24:0)",9089.826002240876,-0.9436541822735407,0.8442321583689154,-1.117766212669169,0.2636668553618191,0.3801197164799559
CL(16:0/16:0/i-16:0/25:0),705.873079336584,-0.6413616703308005,0.7176362720054842,-0.8937141214148373,0.3714748678569453,0.4868391526824312
CL(16:0/16:1(9Z)/18:1(9Z)/16:0),593.3393045605063,-0.5828587973863238,0.3983352886639918,-1.4632366601041549,0.14340263268615747,0.23131613477580643
"CL(16:0/18:0/18:2(9Z,11Z)/i-22:0)",10259.225442676105,-1.1772420380637758,0.8658264161871373,-1.3596744290247318,0.1739329735032652,0.266286764743937
"CL(16:0/18:2(9Z,11Z)/18:2(9Z,11Z)/23:0)",5661.697904388484,-1.1173084465056535,1.2466490109007489,-0.8962494148199404,0.3701195692781267,0.4868391526824312
"CL(16:0/18:2(9Z,11Z)/18:2(9Z,11Z)/25:0)",1193.9958491589362,-0.926043413596716,0.7770629540021478,-1.1917225095177508,0.2333700689171444,0.34433280957497636
CL(16:1(9Z)/18:0/16:1(9Z)/16:1(9Z)),1574.6082362269456,2.13411241921023,0.8463778423480506,2.5214653697569656,0.011686717819484707,0.034267833606285665
CL(18:0/16:0/18:0/18:1(11Z)),3915.1968179534624,-1.0287450388170254,0.8933161145931114,-1.1516024641351055,0.24948446835874927,0.36390671138002956
"CL(18:0/18:1(11Z)/18:0/18:2(9Z,12Z))",3203.2438091654453,1.006541388846943,1.0340013872417986,0.9734429772206542,0.330333187797636,0.45234705615385934
"CL(18:1(9Z)/16:1(9Z)/18:2(9Z,12Z)/18:1(11Z))",523.4038646480733,-0.24811292796554343,0.8672589786925684,-0.2860886241150074,0.7748102442333162,0.8404810565987034
"CL(18:1(9Z)/16:1(9Z)/18:2(9Z,12Z)/18:1(9Z))",132.74467282961842,0.03987890343540229,0.6759714755996924,0.058994950045818825,0.9529561303876076,0.9674276322544652
"CL(18:1(9Z)/18:2(9Z,12Z)/20:4(5Z,8Z,11Z,14Z)/18:1(9Z))",114.35491941451023,1.2518657674663944,0.5878020903704434,2.1297402441652538,0.033193064498429424,0.07531016600955134
CL(8:0/21:0/21:0/a-21:0),25559.889464515,-1.0691967102802078,0.9931889317400814,-1.0765290229392304,0.2816907281171459,0.39956946151716527
CL(8:0/a-21:0/a-21:0/i-21:0),21555.23344757085,-1.2278534348995074,0.8468882203491329,-1.44984120146732,0.14710280705645093,0.23563690389598158
CL(i-12:0/14:0/14:0/i-22:0),305.8437353587924,1.2587197096552196,0.5587839283994478,2.2526054270398084,0.024284038633791402,0.05959061962618316
"CL(i-12:0/18:2(9Z,11Z)/i-22:0/18:2(9Z,11Z))",90.41511897195763,-0.027740773165396207,0.6327328979205791,-0.04384278620024945,0.9650297213997038,0.9738796713962634
"CL(i-13:0/18:2(9Z,11Z)/18:2(9Z,11Z)/a-25:0)[rac]",4774.013825853019,-0.5376703005393808,0.7972839787311923,-0.6743774048928415,0.5000714041160078,0.6168438710307975
"CL(i-13:0/18:2(9Z,11Z)/i-22:0/i-22:0)",92401.26185614025,-0.9998537481052605,0.9000805354919131,-1.1108492059089126,0.26663326225642725,0.38359712574105537
CL(i-14:0/a-13:0/i-14:0/a-13:0)[rac],1060.3636095876468,0.765207213696621,0.6531182308969236,1.171621273908962,0.24134914301035104,0.35384238763381975
CL(i-14:0/i-14:0/i-16:0/i-22:0),4337.164758954714,0.06838896019638777,0.8228469565958912,0.08311261243440961,0.9337619972728923,0.9615525329060142
CL(i-15:0/16:0/a-17:0/20:0),364.6170521189203,-0.6193388537169299,0.5416671280996169,-1.143393832832013,0.2528751118875425,0.3668544600129548
CL(i-15:0/17:0/i-20:0/i-20:0),236.94099943216548,-0.036653705783890454,0.6412173429778243,-0.057162686233142135,0.9544156016072975,0.9674276322544652
"CL(i-15:0/18:2(9Z,11Z)/18:2(9Z,11Z)/i-24:0)",20772.522697238408,-0.8636038249702723,1.4036870336174245,-0.6152395828183221,0.5383965106857505,0.6479484963383293
Capsiamide,281.4225085490194,-1.2686597858933304,0.35455621873350024,-3.5781625560681816,0.00034601823309048476,0.003030944522767284
Capsiate,356.0291120387093,-0.8526492859675858,0.43095200458621524,-1.97852493292442,0.047869518708481586,0.09901839477938737
Cascarillin,765.605919162957,-1.2280592553132363,0.40539351832623105,-3.029301653325853,0.0024511980013441474,0.011159401427172038
Cer(d16:1/PGE2),369.69229942158313,1.3442950526124093,0.7132105349298701,1.8848502465609172,0.059450058934377076,0.11364486404030093
"Cer(d20:1/22:6(5Z,8E,10Z,13Z,15E,19Z)-2OH(7S, 17S))",467.61941801719706,0.4841809277033422,0.7707762526546935,0.628173125515654,0.529890533439152,0.6393331930915793
Cer(d20:1/6 keto-PGF1alpha),328.2141425689422,-0.3063139585432494,0.6198125071418096,-0.4942042230734891,0.621161957584436,0.7176027957402833
Chavicol,3709.565114611277,-1.0659638246302543,0.34321368975522154,-3.105831312819996,0.0018974492514288563,0.009446294115027112
Chenodeoxyglycocholate,429.4743559801782,-1.1754878261412722,0.42891040302048883,-2.740637246994263,0.006132016597362252,0.02085166981911217
Chimyl alcohol,323.97499442489584,1.6583344425205917,0.6329684855561457,2.6199320825009598,0.008794728053983437,0.02761346130274489
Chlorobactene,628.314088018572,1.3940134102241444,0.6761514365813407,2.061688158605939,0.039237434662239355,0.08538460624613092
Cholesterol glucuronide,357.2285991980908,0.6342616293755337,0.36117073823420415,1.7561268459247146,0.07906675213112814,0.14398471703879123
Cholesterol sulfate,603401.0656254541,0.0855040124696003,0.7675868380533346,0.111393275953566,0.9113044918899639,0.9440459706405014
Cholesteryl laurate,1495.5354669238445,-0.1001965161518298,0.40824430455439126,-0.24543273484536854,0.8061213852099094,0.8675520973021109
Citraconic acid,1992.5759606388917,0.3378606739632463,0.5384003571417768,0.6275268384977641,0.5303139491828996,0.6393331930915793
Citrulline,2815.1708603581806,2.095479981286888,0.49678996176069756,4.218040102622434,2.4643499705526264e-05,0.000631603770230525
Clorgiline,482.01065372865935,0.26072826070896604,0.6410492083010101,0.406721133624018,0.6842128168110582,0.772390325013462
Cnidilide,614.6803526005644,1.4452993816148378,0.6269816992033556,2.3051699650105233,0.02115705628942201,0.053826040265735405
Cortolone,953.2680409942038,2.5432050784286133,0.6585747732194758,3.861680073161667,0.000112609966839898,0.0015585219410641882
Coumarinic acid,338.59506718754164,1.4628582876671556,0.4343118416323217,3.368221050959917,0.00075654911645107,0.004976687719853861
Cucurbitacin I,496.23932223480324,-0.75684481244664,0.3951674895396171,-1.9152507037671258,0.05546053903974652,0.10946552368324583
Cucurbitacin P,1796.9473501603309,1.0868424840652668,0.5755511355390317,1.8883508639894975,0.05897886311189047,0.11340412481787765
Cucurbitacin S,457.9855904360773,0.3885975591197215,0.36962810086819375,1.0513203898918175,0.2931114654463204,0.4114262354743483
Cyclic GMP,72.93044259631623,0.32175404361410354,0.6154766023780093,0.5227721774815589,0.6011328033443446,0.7040218886834247
Cyclostenol,746.3479942713852,-1.167186942308478,0.4028223018228391,-2.8975231436461177,0.0037612198612900867,0.014459800800070779
Cytidine,8988.266770988525,-1.0840539951856203,0.35171070474716054,-3.0822320178310467,0.0020545462935974445,0.009805145070134011
Cytidine-5-Monophosphate,1977.6208979622036,-0.8512864695950841,0.5981871649027998,-1.4231105572674916,0.15470410839199417,0.2438616013832801
D-4-O-Methyl-myo-inositol,4515.363426828002,-1.4566858629485218,0.880075660771269,-1.6551825347288105,0.09788747689928257,0.16934533503575883
D-Aspartic acid,1988.1320815771862,0.3860392800124791,0.5487731076504537,0.7034588150015006,0.4817698643914873,0.5985363485797293
D-Glutamic acid,4687.710446741141,1.1431498362962846,0.4975818655365465,2.2974105679346195,0.021595359482651694,0.05436273777486231
D-Histidine,2227.2383756180952,1.2056525693431452,0.4603481371182467,2.6190017339712988,0.00881874992472055,0.02761346130274489
D-Lysine,1149.4621009582427,1.3096507657612677,0.39552474819891204,3.3111727438674348,0.0009290583740127952,0.0056395473229548625
D-Phenyllactic acid,15040.147616384584,1.3253229875599746,0.6028442619491491,2.198450032973471,0.027917051587512735,0.0661455894022425
"DG(14:0/22:2(13Z,16Z)/0:0)",1006.3983986418232,-1.5828499094397634,0.3438791806663873,-4.602924510790194,4.165992611675085e-06,0.0001921911258186106
DG(17:0/0:0/5-iso PGF2VI),353.65457098047295,-0.7914500903781061,0.28889946226144125,-2.739534660891403,0.006152622697633323,0.02085166981911217
DG(18:2n6/0:0/20:4n6),8365.684632719433,1.4122074339435033,0.8391804655343597,1.6828411670000694,0.09240584330385737,0.16354179940222327
"DG(18:3(9Z,12Z,15Z)/22:6(4Z,7Z,10Z,13Z,16Z,19Z)/0:0)",476.0671221444826,0.45423147827694776,0.7979771947532698,0.5692286462113666,0.5692009827166581,0.6759004845812768
DG(19:0/0:0/PGJ2),1963.0814354638867,0.6352306520747614,0.8864187364135775,0.7166259308155926,0.47360493992960795,0.5905128260023219
"DG(20:2(11Z,14Z)/20:4(5Z,8Z,11Z,14Z)/0:0)",1076.2178385656305,0.6325698118881411,0.8220727066205735,0.7694815881779454,0.44160747051114857,0.5600065055030132
"DG(20:3(5Z,8Z,11Z)/22:5(7Z,10Z,13Z,16Z,19Z)/0:0)",195.9138164632239,-0.3686840549464839,0.6764935931534802,-0.5449926779466754,0.5857585534948966,0.6917148788711065
"DG(20:5(5Z,8Z,11Z,14Z,17Z)/18:1(9Z)/0:0)",4095.4333374744288,1.5970168593716236,0.8515486189417061,1.8754265157007433,0.06073407013521278,0.11577954967924861
"DG(22:6(4Z,7Z,10Z,13Z,16Z,19Z)/15:0/0:0)",786.5245071094449,1.5769775715720797,0.8261281342029079,1.9088776986074094,0.05627787056177898,0.1097022152922565
"DG(22:6(4Z,7Z,10Z,13Z,16Z,19Z)/22:0/0:0)",842.7111532564331,-0.905106238103566,0.3909775276858365,-2.3149827650218535,0.02061387530148111,0.05318122969831463
"DG(22:6(4Z,7Z,11E,13Z,15E,19Z)-2OH(10S,17)/0:0/i-20:0)",7708.64153231805,-0.8476084782922438,0.9192443416192415,-0.9220709227311514,0.3564915828028882,0.4762397206555958
DG(LTE4/0:0/19:0),3248.3945755515565,-0.7494672281784287,1.0777881246125138,-0.6953752885780561,0.4868201427703035,0.6026467599231664
DG(PGJ2/0:0/20:0),33606.62882036281,-0.35886006740955423,0.8329337999038176,-0.4308386422198179,0.6665857000839467,0.7575048997228445
"DG(i-19:0/0:0/22:6(4Z,7Z,11E,13Z,15E,19Z)-2OH(10S,17))",743.9611560580412,-0.49507726536559593,0.7481172570508939,-0.6617642631546944,0.5081223124612213,0.6234408514595127
"DG(i-20:0/0:0/20:4(8Z,11Z,14Z,17Z)-2OH(5S,6R))",147.53057944841868,-0.7206162199721413,0.6118971951263463,-1.1776753116564727,0.23892607292316315,0.3510336358021845
DGDG 10:0_24:1,277.7325849706991,1.803494210847104,0.5919874766519583,3.046507370471649,0.0023151680307236214,0.010752324008461383
DGDG 13:0_15:0,372.9148590432592,-1.2442207791004225,0.5995271645301234,-2.075336786575091,0.03795533233593161,0.08364678336453718
DGDG 14:0_14:0,334.0011719839621,0.591720388957864,0.3588338751749802,1.6490092767003117,0.09914573423240236,0.17066877634035432
DGDG 14:0_17:0,427.0757301530133,2.238469582080103,0.7204502780073138,3.107042429453236,0.0018896927436123309,0.009446294115027112
DGDG 15:0_16:1,158.66368040035644,1.330602941240281,0.5244173500727636,2.5372977096498777,0.01117119091614379,0.033320966008497856
DGDG 15:0_18:1,128.67300468979508,1.2883227488928248,0.5786097685761479,2.226583128838543,0.025975147545429796,0.06262997247887603
DGDG 16:1_18:2,427.2631358467962,2.12007691732332,0.5695505550634423,3.722368275257258,0.00019736287708987447,0.002393445207717489
DGDG 17:2_18:3,311.0568166970828,2.1917255398317157,0.5718896320650483,3.8324274771647246,0.00012688501076835954,0.0017216554402295057
DGDG 18:0_18:4,1981.2952007946683,3.0089556464705454,0.740750272749259,4.062037851573042,4.8646186817375644e-05,0.0010519737899257484
DGDG 18:1_17:2,497.6178091572213,-1.317610329977662,0.42002886595672767,-3.1369518544313695,0.001707141578637264,0.008882270469300652
DGDG 18:1_18:1,204.40876862836288,0.8236721431634727,0.4689410655517083,1.7564512977647286,0.07901138034896324,0.14398471703879123
DGDG 18:2_18:4,159.5930474466386,0.7479577311365402,0.5513183623372239,1.3566711762795198,0.1748857149026155,0.2671543371139292
DGDG 20:0_16:3,426.6186003066068,2.366604881980734,0.5207440411721829,4.544660514316324,5.502386367532207e-06,0.00023797821039576796
DGDG 29:0,463.6962075556371,0.8556664939273169,0.5432969989816444,1.5749516296448862,0.11526760997080057,0.19502490488947188
DGDG 32:0,173.16190758150088,1.3137906581464756,0.5788983364104167,2.269466978075833,0.023239943144301955,0.0574358594852034
DGDG 32:2,288.7080414797339,1.0058920613018811,0.50970434972456,1.9734814149525246,0.04844073994094675,0.09946881910722596
DGDG 33:2,1362.7938871522879,2.3159167019090083,0.7187985591981418,3.2219273011517124,0.0012733143876509415,0.007098426376954472
DGDG 34:2,4221.959009848256,-1.3602982836591528,0.4253685015872385,-3.197929039370045,0.0013841833669472198,0.0075608140388817606
DGDG 36:3,471.7372438006061,1.7851532296891284,0.5704203875782832,3.1295396668200923,0.0017508043241109901,0.009041467106603024
DGDG 8:0_24:1,499.6662381827543,1.2609938222268746,0.5440260084566374,2.3178925320210766,0.020455162421145295,0.05318122969831463
DHAP(18:0),246.44960765099222,0.2325250344571636,0.35110972626464987,0.662257457037511,0.5078062367364014,0.6234408514595127
DL-Norleucine,1109.8237591824766,2.1177947891161293,0.7231106748322905,2.9287284268169667,0.0034035164682453345,0.013614065872981338
DL-a-TOCHOPHERYL ACETATE,3016.0199769343926,-0.7212082638295473,0.6286048007814701,-1.1473158698962436,0.25125109740825224,0.36526420043384566
DMG-MINO,1663.850070005691,0.179421244471046,0.6982423767441417,0.25696126509490225,0.7972086752184774,0.8606371345572329
Deoxycholic acid,300.8387027597631,1.950190086947524,0.7394235446825708,2.6374465635723388,0.008353278517669161,0.026725877533315887
Dermatan sulfate,1065.38633677113,1.198350284163892,0.6263143463881473,1.9133367949729756,0.05570495015194213,0.10946552368324583
Dihexyl phthalate,183.37243324100137,0.8041983252602055,0.4199909228782445,1.9147993003014085,0.05551810375702992,0.10946552368324583
Dihydrocorticosterone,3939.903794345458,1.6202633888210076,0.4614634209974696,3.511141544694378,0.00044618675518768246,0.0034692273549424297
Dihydrodiethylstilbestrol,170.5636244495763,-1.318776309360579,0.29258452873806057,-4.507334393409529,6.564713174786981e-06,0.0002523767509418106
Dihydromethysticin,1274.3282218150782,-0.9086512041321703,0.3450747585376532,-2.633201014130455,0.008458427045269942,0.026849685850122935
Diisobutyl phthalate,1914.890252976389,-1.0424655760920771,0.4309491755232474,-2.4189988873429034,0.015563287814896336,0.043079180671633056
Diisononyl phthalate,98.8595280879702,2.2082565658702675,0.8858288750225138,2.4928703817812927,0.012671509452632013,0.03638458315859482
Diphenylamine,583.4598950267448,-1.4612438474100677,0.3344989929221271,-4.368455147338072,1.251285081268834e-05,0.00039466188400362544
Distearoyl phosphatidylglycerol,1402.424652551592,-0.8066260495486798,0.7578212659199539,-1.0644014437487175,0.28714688003568145,0.4055217162952889
"Dl-3,4-Dihydroxymandelic acid",17433.7206404971,-1.2691515116152474,0.34211917756813043,-3.70967661221653,0.0002075241509581638,0.002393445207717489
Dulcitol,1861.9210540847803,-2.643697916415003,0.7614951874571481,-3.4717197954238848,0.0005171358020408306,0.0038897605979592914
ETHANOLAMINE PHOSPHATE,2994.1696291887515,-2.5430290175904644,0.7174979357040862,-3.5443015109095337,0.0003936547860947495,0.0032343441683248013
Eicosanoic acid,1750.8346193583068,0.26343456076732824,0.2796073339868881,0.9421589806356143,0.3461112513954834,0.46449262407241104
Embelin,4527.6047548655715,-1.1116092144440015,0.4978292205379777,-2.2329127511694558,0.02555469854470814,0.061831648227056064
Enalaprilat,1111.4488366717346,0.26067413394612887,0.5397978937604143,0.4829106170277636,0.6291592029574807,0.7232195489145792
Epanolol,89.67221824901648,4.004460708773902,0.9812967071772584,4.080784822251063,4.4883892183560676e-05,0.0010353217797007997
Epothilone A,160.87229480075922,1.7000499583129227,0.6548025992813453,2.596278573387996,0.009423962527963651,0.02885567287323384
Erucic acid,1130.2738428968528,1.390668123946277,0.5339846086566298,2.6043224868313084,0.009205609368937854,0.028566285575358723
"Ethyl 2Z,4E-decadienoic acid",341.7368369967645,-1.7390648888521245,0.34512599575897407,-5.038927551741529,4.6814763811647765e-07,4.049477069707532e-05
Ethyl butylacetylaminopropionate,169.49843681322932,-0.9702775292749363,0.35314214784778886,-2.7475551564384344,0.006004140911726299,0.02056864114314158
Ethyl octanoate,769.1256190585594,-0.902161052244676,0.39452680580474175,-2.2866913957962374,0.02221384227192575,0.055494508491597906
FA 16:1,18427.70261468346,1.1257139991677219,0.5516968775746637,2.0404574412610734,0.04130478575566485,0.08821886340407431
FAD,329.99545312208977,1.2392507625020905,0.5026389163145716,2.4654890862579326,0.013682634339097676,0.03880484820760489
Flufenoxuron,449.8876479491461,-0.13290729610924162,0.8214224287827433,-0.1618013965192008,0.8714622532719876,0.9137149685821445
Fluphenazine decanoate,489.9446799602897,-1.1188539323183027,0.4618244394795123,-2.422682380298624,0.015406390199448004,0.04281615268280329
Fluphenazine enanthate,1242.8791427189324,1.454227671271046,0.46657283054184207,3.116828876602645,0.001828076513529025,0.00930168343648592
GPnEtn(16:0/18:1(9Z)),3398.4826821291826,-1.497737665646418,0.31156389657587996,-4.8071605282470555,1.5308906341843507e-06,9.66217221120248e-05
Galanolactone,739.7444046620296,1.3662235861709804,0.594833476037574,2.296816909619727,0.021629216519876086,0.05436273777486231
Gamma-glutamyl-L-putrescine,121.76746664662105,0.7425789272354655,0.3774734873923901,1.9672346589564371,0.04915616403414174,0.10004725150478261
Genistein,398.0139972388699,0.4601336133863054,0.8570791366589922,0.5368624596090007,0.5913626237260536,0.6971429908320769
Gentianine,1806.8576029527114,1.3366234532107344,0.6528099333941322,2.047492516330556,0.04060975090860289,0.08727312928184222
Gentisate aldehyde,204.58672463444196,-0.44042061863684306,0.3733338484898541,-1.1796964577906792,0.23812096323328436,0.3505951203349634
Glucosylsphingosine,579.8305606470692,-1.1528115344145429,0.36331155503945606,-3.173065977186843,0.001508382425137047,0.00802923567842182
Glucuronolactone,594.9175341934776,1.3905685405973176,0.4723528834739299,2.9439188141932147,0.003240850012233203,0.013147161861757038
Glycerol 3-phosphate,3702.9862388909046,-1.0155280218127878,0.6916141027566238,-1.4683448729068904,0.1420105677526063,0.22960587122617654
Glycodeoxycholic acid,5132.94747085857,-1.2739543084764688,0.3578346458050356,-3.5601759734874205,0.00037060635816923434,0.0031275560957696362
Glycylleucine,206.95816881728442,0.9254527784321772,0.4102868512657326,2.2556237802336603,0.024094202635040786,0.05933518940728905
Hexadecanoic acid,56240.54699752059,0.27711550064235985,0.3675530713542256,0.7539469051947945,0.45088110400501813,0.5693608101669207
Hexylglutathione,658.8128927976808,0.9925961906601425,0.6288828508114392,1.5783483193720558,0.11448561100561062,0.1941765755291239
Histidylleucine,37543.171289382735,-2.9666464909349863,0.9544994333301511,-3.1080652196771448,0.001883165052340606,0.009446294115027112
Hordatine A,182.43941630985267,-0.7541510416154713,0.4031216837619428,-1.8707776634035478,0.06137590486326952,0.11668166528951238
Indole-3-lactic acid,802.1566328592609,2.1497950120607348,0.5490966863852115,3.915148398022884,9.03486203311929e-05,0.0013893610059818999
Isocitrate,40147.792956568956,-1.479630061647749,0.8877805726288553,-1.6666619064059218,0.09558165162362395,0.1673338982300926
Isoelemicin,2363.6094387289,-1.1234174412675915,0.39958148808388144,-2.811485203317927,0.004931335886493413,0.01815151294390129
Isomaltose,1301.281339262818,-0.019759190194817308,0.671101621578964,-0.029442918269707054,0.9765113437989705,0.9807632074149312
Isorenieratene/ (Leprotene),405.5474506804646,-1.0520617336725833,0.36829033240029985,-2.856609693813746,0.0042819201817032755,0.01601669603101982
Isotetrandrine,7654.442358235047,-0.8456288409454831,0.5200312754875891,-1.6261115067600673,0.10392593662637943,0.1780117528352836
KB 2,1080.9712594907096,-1.1011317806272634,0.30358939984749583,-3.6270429111833367,0.0002866856644092455,0.002787000944240948
Kukoamine C,819.9384188973238,-0.8085360851386371,0.5240387162050847,-1.5428937979884167,0.12285654587000831,0.20585164586451754
Kuraridinol,496.26030944313607,-1.0767448124567365,0.359860918071894,-2.992113781696131,0.0027705298159832487,0.011834608843582766
L-Glutamic acid,1361.541410285421,1.1094795509380224,0.41329688994099906,2.6844614076249353,0.007264676987283295,0.02349138539813103
L-Iditol,2148.6959768933657,-4.957386689577658,0.4591923948077335,-10.795881520758513,3.599911613485031e-27,2.4911388365316414e-24
L-Lactic acid,7970.175328290643,-0.3657147968311388,0.6239146762805708,-0.586161554992303,0.5577669542033231,0.6677763534752588
L-Tyrosinemethylester,703.1294560027284,-1.3144012258174367,0.42381763457939525,-3.101336798129869,0.0019264903463405108,0.009522366569054525
L-Valine,11037.188406869713,1.2024642513438166,0.3343493054814343,3.596431132442077,0.00032261294264934786,0.002964333993686887
LPA 16:0,3704.820055115987,1.0651025132853456,0.5489254586820937,1.9403408904417239,0.0523382750470277,0.1046765500940554
LPA 17:0,388.2366462259427,0.39297935887528324,0.46993545336900383,0.8362411391989765,0.4030192590029702,0.5212884621122531
LPA 18:0,5326.03633795943,1.1019218600181884,0.6043218727617298,1.8234022458635233,0.06824249041560664,0.12783398372650442
LPA 18:2,1258.2835177606235,0.5906897654200924,0.4129413207999343,1.4304448009122228,0.152589397759758,0.2416289776882209
LPA 20:2,261.40170730637163,-0.1337211126891338,0.559402783623551,-0.2390426301116177,0.8110725267141213,0.870720953628405
LPC 14:0,131.2059401935541,0.7769280873340346,0.5291005478524083,1.4683940330198963,0.1419972214844661,0.22960587122617654
LPC 16:1,494.5292841569415,0.3294925609810191,0.47184419805780364,0.6983079633855207,0.48498462015062915,0.6014504608319631
LPC 17:0,370.32833833697725,1.0731206220693519,0.6239149196429474,1.7199791001687774,0.0854362406959854,0.15237597567428324
LPC 18:1,7804.307994076991,1.4234418165685918,0.8184924300626925,1.7391019932335394,0.08201682412383526,0.14703534272977722
LPC 18:3,203.15277360250576,1.6994811649425174,0.48024273644972565,3.538796187749168,0.00040195606716175275,0.0032343441683248013
LPC 20:1,175.65278064486296,0.8552304692966506,0.6376772506966149,1.3411650930974486,0.17986685699821092,0.27295584439202186
LPC 20:3,671.6568920184126,1.2691434259909318,0.6706201156041374,1.8924923312919213,0.058425414446081486,0.11311606286669561
LPC 22:4,289.1370823496712,0.3262255490000013,0.592998034444624,0.5501292248051545,0.5822307430209374,0.6887242293512627
LPC 22:5,164.21844844898231,0.8013569346894006,0.7859554425676377,1.0195958845598776,0.3079201576123617,0.42715334203988
LPC 22:6,355.62772816613,2.097380369208825,0.6008162444167042,3.490884923134932,0.00048142356527379904,0.0036609352436205375
LPE 13:0,135.5738209149144,0.6197437464281201,0.3949059545943242,1.5693451547591009,0.11656753611491223,0.19641547159731612
LPE 17:1,401.21307868203087,0.33910617620992,0.5941531808853532,0.5707386362968128,0.5681768245314348,0.6759004845812768
LPE 18:0,19684.356115263305,0.7051041671519976,0.5127005740058044,1.3752747761581694,0.16904627344479672,0.26287645218831307
LPE 18:1,782.4103648744851,-1.3180886402958958,0.7249554411718504,-1.8181650422062883,0.06903891125258348,0.1287733870263821
LPE 19:0,137.88900113265214,0.16542443457625608,0.4325403404163624,0.38244856980742853,0.7021286699339517,0.7887549344063224
LPE 20:1,879.5144699208188,1.2648534714119977,0.4914476983289147,2.5737295661632342,0.010060887790723293,0.030535676978861927
LPE 22:0,143.12063607492797,0.36606996390464785,0.39779655624429977,0.9202441754670004,0.35744517415173815,0.47659356553565085
LPE 24:1,125.1963970153771,0.9220059763350982,0.5243873733025239,1.758253579845799,0.07870437225971148,0.14398471703879123
LPE 2:0,87.46655211288643,1.5301238704327906,0.5594437577826175,2.735080781842148,0.006236496886554644,0.02085166981911217
LPG 14:0,337.1280401240855,-0.07331031411504338,0.5436696356731137,-0.1348434955803231,0.8927356153666435,0.9330180271571678
LPG 15:0-d4,1035.3161758302058,-1.6468052377211557,0.4531536174912077,-3.6340992858853385,0.00027895343393663535,0.002787000944240948
LPG 15:0-d5,5194.2437105419285,-1.0357869478345818,0.3553622549854749,-2.9147354095806226,0.003559902130012608,0.013996887920276846
LPG 18:2,934.02978661696,-0.07767942844056311,0.4416707628558355,-0.1758763200404964,0.8603911092172248,0.911777408236324
LPI 16:1,471.4639546693522,-1.7398317916826151,1.086104688324194,-1.6019006366385269,0.10917758370644011,0.18608593084940037
LPI 18:2,802.9858961994271,1.0962688313542708,0.5903090271653665,1.8571100574532922,0.06329549760900877,0.11967345449572148
LPI 19:0-d4,238.03364197734632,-1.0121233705640729,0.6943594996728151,-1.4576359523287137,0.14494091437034975,0.23271255857142004
LPI 20:2,199.32529678015237,1.0873259043205497,0.4951719755880217,2.1958550926258282,0.02810231688476776,0.0661455894022425
LPI 20:4,3110.130171622557,1.369505447586199,0.7814738307784651,1.7524648857684284,0.07969390270441219,0.14474588102743632
LPS 15:0,221.6558530971531,0.17501741064385307,0.3835824175516689,0.4562706803949847,0.6481953448345037,0.7426344016978089
LPS 16:1,455.8435903264053,0.5685841621432209,0.6339894774030761,0.8968353299367587,0.36980679259637794,0.4868391526824312
LPS 17:0,605.9776835174033,1.1803180324799072,0.4908448407852035,2.4046662700819157,0.016187240679891777,0.04434710969102081
LPS 17:1,235.21401098448737,0.5130921366691904,0.3740668630742111,1.3716588859339784,0.17016965304949583,0.26296602442347394
LPS 18:2,2133.036442234611,1.5740407168060278,0.5476866591468419,2.87398038735869,0.004053341328229471,0.015244088038776055
LPS 20:0,230.44156457990607,-0.21194049883725996,0.4074902989788598,-0.5201117655275892,0.602985678458619,0.7048413673874397
LPS 20:1,208.39787440509835,0.12997874544408136,0.45177628041192025,0.28770599759148363,0.7735717986436657,0.8404810565987034
LPS 20:3,916.769217781541,1.0245314071972187,0.4737898822554241,2.162417235083305,0.030586030275685808,0.07102527835830395
LPS 22:0,206.65991880478595,0.09444335248459677,0.413296103693037,0.22851256433508912,0.81924778957084,0.8762279294946232
LPS 22:1,201.5937291350462,-0.1336386901804718,0.4673028414052146,-0.2859787665288109,0.7748943845519838,0.8404810565987034
LPS 22:4,280.3800368797486,0.9312845534466181,0.4328247827633836,2.151643322040855,0.03142545729134009,0.07210863905504669
Lenticin,282.71615335753785,2.273410821559264,0.7365444714544144,3.0865900290719486,0.002024666250619971,0.009797685632370769
Leukotriene E4,339.67279610052884,2.521681192522969,0.7728818075564413,3.2626996364367367,0.0011035641509438369,0.006286692529390268
Levuglandin D2,446.9663541246956,0.4182977355319471,0.5188127651868958,0.8062595286784445,0.4200932209437914,0.5383416831353771
Liquiritigenin,833.8929745221591,-1.252961397687696,0.37222677766763507,-3.366123752672296,0.000762324997549869,0.004976687719853861
Luteolin,482.5834314793874,0.8438825335639131,0.4256917530048083,1.9823793334196476,0.04743680086206894,0.09857737596562073
"LysoPA(20:3(5Z,8Z,11Z)/0:0)",46.9511056226894,2.051978654117698,0.6291569105858984,3.261473599974934,0.0011083475268578217,0.006286692529390268
"LysoPA(20:4(8Z,11Z,14Z,17Z)/0:0)",195.59711989192283,-0.030056789689932358,0.4316556837160302,-0.06963140026601752,0.9444870437909619,0.9674276322544652
LysoPA(O-18:0/0:0),522.6867027465197,2.5394429391171136,0.5955790960493232,4.263821473859801,2.0096002707779004e-05,0.0005562573549513228
LysoPA(P-16:0/0:0),2515.945405488994,1.3718313938712787,0.6237195769057824,2.19943616436863,0.02784692352509726,0.0661455894022425
LysoPA(i-21:0/0:0),415.5351297727314,0.9106796731630109,0.7366106394451192,1.2363107785804126,0.21634306612132514,0.32195570270098284
"LysoPC(0:0/18:2(9Z,12Z))",6431.5790041130585,1.7785337918589508,0.5941291648975876,2.9935136952341392,0.002757851311290084,0.011834608843582766
LysoPC(18:1(11Z)/0:0),306.6252352966877,1.923636290537708,0.7139873215965982,2.6942163149845957,0.007055435848800592,0.02292188548061037
"LysoPC(18:2(9Z,12Z)/0:0)",458.24778640559873,0.09124375807205311,0.7439913141071263,0.12264089155604718,0.9023914720675283,0.9372703285635968
LysoPE(0:0/14:0),699.7111107979858,1.426699848110234,0.6357412614394021,2.244151724366603,0.024822640918995113,0.06069705836022833
LysoPE(0:0/15:0),2075.0888488225214,1.3662073966506654,0.67189824551797,2.033354612494112,0.04201670934491245,0.08936576299022096
LysoPE(0:0/16:0),15814.479949319677,1.0010612397485452,0.5996579683114824,1.6693870383601084,0.0950407007283686,0.16714520904520833
"LysoPE(0:0/18:2(9Z,12Z))",4656.456880814239,1.3205417738894902,0.5946185813485811,2.2208215742174287,0.026363048737013124,0.06312536237374769
"LysoPE(0:0/22:5(7Z,10Z,13Z,16Z,19Z))",527.3320817468513,1.8889944162849737,0.5642015387589255,3.3480844813720214,0.0008137220212812424,0.005119051261151088
LysoPE(18:1(11Z)/0:0),11858.270193496119,0.8181143678445736,0.5557580885505086,1.472069205467302,0.1410021902491177,0.22904581139058552
"LysoPE(20:2(11Z,14Z)/0:0)",558.4052675432155,1.3029003277206006,0.4724719723724554,2.757624587080286,0.005822302149051999,0.02034865195527264
"LysoPE(20:3(5Z,8Z,11Z)/0:0)",539.8907092185248,1.192102860190902,0.5023863048315163,2.372880886135409,0.017649954804873032,0.047157408204525623
"LysoPE(20:4(5Z,8Z,11Z,14Z)/0:0)",5027.136898130671,1.3149307263330505,0.5683519812003469,2.313585189860596,0.020690486849588994,0.05318122969831463
"LysoPE(22:4(7Z,10Z,13Z,16Z)/0:0)",1199.1649297849017,1.389209644257178,0.6503868421960182,2.135974398815541,0.03268150060816893,0.07463893868268283
LysoPI(18:0/0:0),7965.616555320715,0.9560915501043408,0.6975214358029503,1.3706984488637801,0.17046897856880272,0.26296602442347394
LysoPS(16:0/0:0),657.1857930276374,0.49826533006463647,0.36771836311684103,1.355018895007739,0.17541153706609747,0.26736736486726753
MEHP,15014.659735828847,-1.280111305393771,0.34252238616123243,-3.737306982298074,0.00018600177701813404,0.00234024053993725
METHOPRENE (S),465.3142376516779,-0.1717400145214668,0.5082122220563989,-0.3379297212226587,0.7354161494444138,0.8151291488302582
MG(18:1(9Z)/0:0/0:0),488.3156718380843,-0.47092941675380334,0.3418134838908614,-1.3777379739184534,0.1682842024955219,0.2622807840695972
MG(i-15:0/0:0/0:0),801.822266485389,0.6172989304342046,0.48707153563219047,1.2673681077112966,0.2050236978518063,0.3064285073724621
MGDG 14:0_18:1,1449.0626536946313,-0.08033095304529413,0.24970970813371102,-0.32169735668538624,0.7476819805508377,0.8246808039361487
MGDG 18:1_18:1,525.3522873182399,-0.5699783500412384,0.441674668644764,-1.2904936382024395,0.19687931926364322,0.29746831644201116
MGDG 27:0,719.9544234039091,0.6409954465068246,0.47681746488267673,1.3443204029125584,0.1788448006493909,0.27200132318544723
MGDG 31:0,844.5232791778502,1.4754235721127327,0.5727709745973864,2.575939839042719,0.009996803825364498,0.03047483809318164
MGDG 32:2,455.9077105294615,0.9879759750567453,0.5232312734108611,1.8882204204199948,0.05899636551219068,0.11340412481787765
MGDG 34:1,1034.344501928188,0.8442547383108602,0.35894907555493183,2.3520181435365184,0.01867186415407514,0.04931652669702289
MGDG 35:3,352.6976442202377,1.5416687650148526,0.4481962947916767,3.439717781985293,0.0005823210654669049,0.004117226367384895
MGDG 36:3,206.34253861868396,1.155950466181654,0.5605130250540169,2.0623079473849057,0.039178426873068654,0.08538460624613092
MGDG 36:5,232.18579514954686,1.6318403756642161,1.1454645177653906,1.4246101475475323,0.15426992509198814,0.2437323930677073
MGDG 6:0_18:2,506.46313641058794,3.3847665486026295,0.6645635235587344,5.09321747073511,3.520375004992156e-07,3.85891480741068e-05
MLCL 14:1_18:1_20:5,5.454840081599661,1.6521260211972058,1.6207062725658783,1.019386454635968,0.30801953421661865,0.42715334203988
Malonic semialdehyde,1721.947866193475,0.15058445716959026,0.5208440601820857,0.28911620325850756,0.7724924544303112,0.8404810565987034
Mannose 6-phosphate,1941.824681929803,-0.7354811309193483,0.7214443880611606,-1.019456444724604,0.3079863208553626,0.42715334203988
Manumycin A,401.80533574992006,2.9240666473010304,0.716278264408668,4.082305428763817,4.459114051999613e-05,0.0010353217797007997
Mascaroside,556.8208534736249,-0.01405211373432272,0.6210274307854047,-0.022627202982887906,0.9819476445374704,0.9821984542716445
Medicocarpin,197.91483001990207,-0.9345411635816281,0.6245536107142649,-1.4963345780882586,0.13456648862442117,0.22014186791512874
Melanin,187.62899968473604,-1.0241865533644263,0.442839538178951,-2.3127712524859367,0.02073521913250046,0.05318122969831463
Methyl benzoate,227.6926342293826,0.5754088417611747,0.4195169042621477,1.3715987029729158,0.17018839782635364,0.26296602442347394
Methyl jasmonate,611.1555601883047,-1.0310365396586483,0.3445323911452642,-2.992567799594597,0.002766412120602746,0.011834608843582766
Momilactone A,1779.7057472083804,-0.6346318822668447,0.6534628989852428,-0.9711827301172865,0.3314572922070633,0.4524032469571752
N-Acetyl-4-O-acetylneuraminic acid,380.10100354301306,-0.48702692762413835,0.5702901097756187,-0.8539985513965159,0.39310579202516527,0.5103737487456179
N-Acetyl-7-O-acetylneuraminic acid,1652.478331771808,0.03297725257518143,0.47146974447408874,0.06994563906103164,0.9442369273395448,0.9674276322544652
N-Acetyl-D-galactosamine,759.9958864313937,0.09871438748250105,1.0904769524591407,0.09052404753707971,0.9278707852298002,0.9580879908665463
N-Acetyl-L-phenylalanine,617.872624543684,0.10421351856294778,0.6220800618654144,0.16752428658530794,0.8669575396139185,0.9130637302396442
N-Acetyl-a-neuraminic acid,138405.8047185528,-0.4561179902590618,0.4718061907255915,-0.9667486337082547,0.33366970837065524,0.45363347385558633
N-Acetylneuraminic acid,8741.809005090654,-0.6810799817277348,0.49154588288728246,-1.3855878066298741,0.16587280360665912,0.25910604987767066
N-Oleoylethanolamine,361.2514654891863,1.2262659830825713,0.6635963887890922,1.8479093675000542,0.06461545516754028,0.12183622609247376
"N-[(3a,5b,7a)-3-hydroxy-24-oxo-7-(sulfooxy)cholan-24-yl]-Glycine",981.3810179098891,-0.6386619580563115,0.6483168128793584,-0.9851078136009355,0.3245711157323772,0.4465272606099503
N-[4-[1-[2-(6-Methylpyridin-2-yl)ethyl]piperidine-4-carbonyl]phenyl]methanesulfonamide,318.38688838959786,-3.222370665167419,0.7954955602078432,-4.050771401320573,5.104906129437803e-05,0.001070483345930594
N-acetyllactosamine,1244.5117596989846,-0.3084853303758877,0.585324558882923,-0.527032952392471,0.5981707053601582,0.7036147709937688
NAD,616.7946782283761,0.5129580264963959,0.5930619829274477,0.8649315607187531,0.3870763537842533,0.5034902947719987
NAD+,574.166629834074,1.198626135634296,0.6629544629097168,1.808006737557069,0.07060545196844524,0.1313413246294734
"Naphthalene-1,2-diol",243.58956554672028,-1.0468032907423162,0.2884705444596341,-3.628804780409031,0.0002847364526020457,0.002787000944240948
Neohesperidin,73.18270908882099,2.4605817354177635,0.7874381577293302,3.124793625080524,0.0017792984370611832,0.009120551988491397
Neryl formate,146.91058253511704,-0.24261920884400429,0.4730133436730674,-0.5129225466664539,0.6080055011142708,0.709067973224388
O-butanoyl-carnitine,127.15741607019558,-0.5829370895287269,0.5300245328563616,-1.0998303915994485,0.27140602790509727,0.3883370853562687
Obacunone,282.4905025793749,1.4472565237404227,0.374060548257858,3.8690434756641556,0.00010926315996412959,0.0015430634019424014
Obtusifolin,1224.6452554552584,-1.3637417430345673,0.3407136406760838,-4.002603888498482,6.264914350946275e-05,0.0011717083056364385
Oleic acid,51253.22323540154,1.3450399127211612,0.4625385539374439,2.9079519993982412,0.0036380417423976705,0.014223304439204451
Oxaloacetate,2695.5733149899456,-1.249740455684979,0.3622193774431966,-3.450230809037719,0.0005601074549994658,0.0041118511195525845
Oxytocin,58.63554635278739,3.489914813713888,1.1749386701776388,2.970295303316767,0.0029751360557246096,0.012477540306432907
PA 24:2,3554.1079985478573,0.4290045421022463,0.8865148497584389,0.4839225673649383,0.6284408237393644,0.7232195489145792
"PA(16:0/18:3(9Z,12Z,15Z))",453.81815024482455,-0.24353077643224483,0.3299014082988501,-0.7381925942299582,0.46039742254704263,0.5792636661864609
PA(18:0/LTE4),825.5987080536013,-1.140942349074785,1.3701135874307226,-0.8327355918090803,0.4049938667274434,0.5228652159988636
"PA(18:1(12Z)-2OH(9,10)/i-21:0)",2285.7555485977314,0.6716082002150287,0.8762496747428566,0.7664575743347558,0.44340408649817453,0.5609426469044547
"PA(18:2(9Z,12Z)/18:1(11Z))",186.30456857467271,-1.0453860049389039,0.37453986470227285,-2.7911207950317825,0.0052525865423469304,0.01893119732970873
"PA(18:3(6Z,9Z,12Z)/18:2(9Z,12Z))",134.78859461555936,1.395199255913902,0.5519227464435572,2.5278886672169127,0.011475073368262544,0.033907642470196016
"PA(18:3(9Z,12Z,15Z)/20:5(7Z,9Z,11E,13E,17Z)-3OH(5,6,15))",55.29223367105236,2.713309343261425,0.9789736726275663,2.7715856096302365,0.0055784001397714035,0.01979616870113749
"PA(20:4(5Z,7E,11Z,14Z)-OH(9)/P-16:0)",144.43890704485298,1.3157588370061248,0.39707646645485395,3.313615759587509,0.0009209797481327322,0.0056395473229548625
"PA(20:4(5Z,8Z,10E,14Z)-OH(12S)/i-21:0)",726.1406113334963,-1.0373481271766505,0.3421954427223474,-3.031449276249831,0.0024338280916043455,0.011153702247617267
"PA(20:5(5Z,8Z,11Z,14Z,17Z)/LTE4)",188.22937333309858,2.449598294162564,0.651483600260918,3.7600306334365197,0.00016989255188983642,0.0022182197341088076
"PA(22:1(13Z)/22:5(4Z,7Z,10Z,13Z,16Z))",32911.038225221746,-3.766248300107772,0.7423222049063819,-5.073603180956648,3.9035265392882604e-07,3.85891480741068e-05
PA(22:1(13Z)/6 keto-PGF1alpha),388.23293888028775,-1.097094313415146,1.0802916536798333,-1.0155538179695058,0.3098419061647826,0.4279652675968654
"PA(22:5(4Z,7Z,10Z,13Z,16Z)/20:5(7Z,9Z,11E,13E,17Z)-3OH(5,6,15))",81.015706805495,2.6265733357066874,1.0041071868725704,2.6158296345706984,0.008901095735746144,0.027745757878992486
"PA(22:5(7Z,10Z,13Z,16Z,19Z)/20:4(5Z,8Z,11Z,13E)-OH(15S))",34.36748760277057,2.392493069261694,0.6169141724719042,3.878161948647167,0.00010524864789662316,0.0015430634019424014
"PA(24:1(15Z)/22:6(4Z,7Z,10Z,13Z,16Z,19Z))",8896.432445284081,-3.4752790574769263,0.7237691851145299,-4.801639982679002,1.5737143916324756e-06,9.66217221120248e-05
PA(8:0/i-13:0),310.9014001224247,0.7425758531279985,0.34370615241250285,2.1604962492402158,0.030734273655452636,0.07113082732298737
"PA(PGE2/22:6(4Z,7Z,10Z,13Z,16Z,19Z))",157.37150778117066,2.2146442011088108,0.715684699730793,3.0944411721276928,0.0019718403462484243,0.009609250138055702
PA(PGJ2/10:0),270.532706233664,0.20807673303367766,0.7661742786582857,0.27157885461524356,0.7859458601330441,0.8498039612688539
"PA(a-13:0/18:1(12Z)-2OH(9,10))",781.1567024995676,1.9432913889817114,0.8203129796295484,2.368963355741729,0.017838020714277703,0.04747657820876989
"PA(i-12:0/20:4(5Z,8Z,11Z,13E)+=O(15))",1091.4862950614586,2.7904536066201233,0.7893205238009494,3.535260420168447,0.00040737346568998423,0.0032402579110053916
PA(i-12:0/i-24:0),1428.26147340364,-0.1866299584704686,0.6707352625582297,-0.2782468268607935,0.7808228908843843,0.8455859788607103
"PA(i-16:0/20:4(5Z,8Z,11Z,14Z)-OH(16R))",105.90593702548533,0.5753674792044511,0.4475935811115318,1.2854685667645454,0.19862859414886502,0.29945748834643704
"PA(i-18:0/20:3(6,8,11)-OH(5))",173.74574005996902,-1.446611057128859,0.39581862621234176,-3.654732145810659,0.00025745062103034076,0.0026760023946782794
"PA(i-19:0/20:3(6,8,11)-OH(5))",153.88552685894615,-0.8423443522853536,0.3768987027228569,-2.2349356636145035,0.025421572790476632,0.06172536270529765
PA(i-24:0/13:0),121.40148418778249,-1.0877787793327118,0.3594440711390837,-3.0262810452973237,0.002475820606972561,0.01117033501353121
PC 10:0_26:3,18644.168998318688,-3.0465987447372163,0.8271291354757132,-3.6833411060837586,0.00023019679429289464,0.0026004830114468715
PC 13:1_18:1,3185.783998152857,-1.577441237123055,0.8105256556516257,-1.9461953192028996,0.0516312819829115,0.1041657350792267
PC 14:1_20:1,70700.4263193511,-3.855388183711401,0.7293590924234566,-5.285994544746158,1.2502361952605359e-07,1.7303268942405818e-05
PC 16:0e,13941.649436720176,1.3676167624194238,0.5914007116199875,2.3125044247464555,0.02074990176090311,0.05318122969831463
PC 17:0_16:1,545.6030615786693,-1.8221889094653834,0.5070383002434498,-3.5937894801841916,0.0003259031905543708,0.002964333993686887
PC 18:0e,3479.499803195019,1.8830100552370335,0.7142541349305084,2.6363306324019202,0.00838080263689241,0.026725877533315887
PC 18:2_20:4,1671.0322974113599,-2.005501980893103,0.7937324237311922,-2.5266726177892567,0.011514878584531884,0.033907642470196016
PC 20:2e,602.7322295467571,1.3327808291423209,0.5488047300285562,2.4285155652229373,0.015160774329309816,0.04230345095113868
PC 20:4e,1437.2062796769455,0.9659758450058197,0.6102480625926366,1.5829232474772226,0.1134389593199839,0.19287410282414955
PC 34:0,3046.2868444983833,-0.4494829939528592,0.8601244659771542,-0.5225790123784223,0.6012672488611329,0.7040218886834247
PC 41:6,315.4598158614833,0.13667070042202972,0.4311969766425039,0.31695653686213215,0.7512765816896566,0.8246808039361487
PC(14:0/0:0),163.1102942377368,2.49132677904841,0.6813654414165181,3.656373845243883,0.0002558082131114873,0.0026760023946782794
PC(14:0/15:0),303.7456851183426,0.21967631189261413,0.5958748258035294,0.3686618436957519,0.7123797927363622,0.7951077686670365
PC(14:0/P-18:1(11Z)),404.91890306204135,-0.13342829008585436,0.8060624057224376,-0.16553096774966025,0.8685260772875752,0.9130637302396442
PC(15:0/P-18:1(9Z)),6771.983325195722,-1.7166954717151104,0.880917777403532,-1.9487578929045999,0.0513243444562748,0.10384925837351508
"PC(16:0/18:2(9Z,12Z))",3515.8802801921097,-1.8106978490055239,1.0359154618557609,-1.7479204777596442,0.08047779839052364,0.1450934347722649
PC(16:1(9Z)/LTE4),362.0521508799122,1.0083674832418694,0.6713463839637296,1.5020077672695824,0.13309510287520157,0.21876914771885864
PC(18:0/PGF1alpha),1100.1938559150603,-0.6209073569303074,0.5677881822236527,-1.0935545620175149,0.2741503867241759,0.3903540485866867
"PC(18:4(6Z,9Z,12Z,15Z)/P-18:1(9Z))",360.71653819929077,1.6593630448826593,0.5688947913385144,2.9168188391713965,0.003536210956783382,0.013983188469109143
"PC(20:3(5Z,8Z,11Z)/LTE4)",213.66285661245237,1.330081013053925,1.0480746048238705,1.2690709296190281,0.20441576742448087,0.3061811927656726
"PC(20:3(8Z,11Z,14Z)-2OH(5,6)/2:0)",992.9429157466932,1.301653572853127,0.6203499708414583,2.098256845386051,0.0358824624679416,0.07984136343349063
"PC(20:4(5Z,8Z,11Z,14Z)-OH(16R)/DiMe(13,5))",1421.024729527419,-0.053673671710282325,0.9024679994330669,-0.059474321243523635,0.9525743179423259,0.9674276322544652
"PC(20:4(5Z,8Z,11Z,14Z)/22:2(13Z,16Z))",1126.0070993799975,0.8997832287781136,0.5112630435448196,1.759922294675372,0.07842098262527131,0.14394514582675794
"PC(20:4(6Z,8E,10E,14Z)-2OH(5S,12R)/2:0)",98.26422094281534,2.940742152752304,0.6811460128905898,4.317344735341885,1.579174178187336e-05,0.0004751254483937551
"PC(20:5(7Z,9Z,11E,13E,17Z)-3OH(5,6,15)/20:5(5Z,8Z,11Z,14Z,17Z))",219.63726699548434,5.049925678649843,1.0544679322114678,4.789074683436753,1.6755211926940714e-06,9.66217221120248e-05
"PC(22:5(4Z,7Z,10Z,13Z,16Z)/LTE4)",169.6551964946702,1.1600883160266784,0.5027295300755612,2.3075794172113087,0.02102254040627877,0.05368117328835759
"PC(24:0/20:4(6Z,8E,10E,14Z)-2OH(5S,12R))",772.2692874145639,2.633046632910442,0.7339806675374433,3.587351478540298,0.00033405389589646466,0.002964333993686887
"PC(2:0/20:3(8Z,11Z,14Z)-2OH(5,6))",1052.012430112413,1.1901475204230498,0.6310784683311751,1.8858946710228885,0.059309149782771596,0.11364486404030093
PC(2:0/5-iso PGF2VI),274.02240979798194,1.4328338689126243,0.6658579991342151,2.151861013572974,0.0314083026455383,0.07210863905504669
"PC(DiMe(13,5)/20:4(5Z,8Z,11Z,13E)+=O(15))",440.02325263441696,-1.4217694009224677,0.4654306554532586,-3.05473948538667,0.0022525609308149375,0.010545980298951707
"PC(DiMe(13,5)/22:6(5Z,7Z,10Z,13Z,16Z,19Z)-OH(4))",212.4879268001467,-1.2716068352609124,0.39491784673139724,-3.2199275008348605,0.0012822301981492905,0.007098426376954472
"PC(DiMe(13,5)/PGJ2)",418.3501949254314,-0.39297723322908973,0.7710507056502197,-0.5096645789302479,0.6102864724443617,0.7093667515253691
"PC(LTE4/18:3(6Z,9Z,12Z))",825.4996701432474,2.105961488233374,0.5929535701888488,3.551646526999828,0.00038282876977773677,0.003191777213086673
"PC(LTE4/20:4(5Z,8Z,11Z,14Z))",291.33861594221645,1.6474729881423085,0.5581193267983823,2.9518293114716836,0.003158974997149891,0.01293497454454275
PC(P-18:0/15:0),325.16159750904876,-0.8728740744843851,0.7939845302112539,-1.0993590445044832,0.27161148744571395,0.3883370853562687
PC(PGF2alpha/2:0),245.6239518083537,-0.31190227578205104,0.4002285964361667,-0.7793103205502634,0.43579693661185537,0.5543593384841984
"PC(PGJ2/DiMe(13,5))",139.93906881524578,-1.4871629363912258,0.37273751229293794,-3.989839732638582,6.611795520769516e-05,0.0011908123002419772
PE 12:0_15:0,573.3892034334173,1.1188699456177906,0.6721691438211681,1.664566063323294,0.09599936068980744,0.1673338982300926
PE 13:0_13:0,609.1007689066142,0.2880875836347724,0.4515096435495558,0.6380541096973339,0.5234384576692281,0.6343597420439683
PE 15:0_15:0,4798.9088245983885,1.2296678053202044,0.8658653544079412,1.4201605354229963,0.15556094998153314,0.2446549486073203
PE 15:0_18:1,846.0582062807214,0.17550403015355795,0.5209696417239108,0.3368795724311452,0.7362076849984268,0.8151291488302582
PE 15:0_18:3,238.9686240106983,2.531550443433225,0.6361728825004931,3.979343529203735,6.91058247274453e-05,0.0011955307677848036
PE 16:0_18:2,27579.340809278172,-0.15262410861390469,0.8533612908216542,-0.1788505176593508,0.8580550773798846,0.9106964931700615
PE 17:1_17:1,3867.1161232546838,0.2516458410832232,0.7137171902376709,0.3525848116386605,0.7243997257870924,0.8068628861744472
PE 18:0_18:2,23521.12285022265,-1.186194092920418,0.8657075706861393,-1.3702018245956527,0.17062390891060664,0.26296602442347394
PE 18:0_20:3,2131.189364885994,-1.2837413371476354,0.8492666629135339,-1.5115880479089716,0.13063869412792115,0.21627267066153455
PE 18:2_18:2,157.66880644079703,0.9464314519074423,0.9638791142313008,0.9818984952923551,0.3261498571454021,0.44780893084249657
PE 18:2_20:4,148.563808506464,0.9840332326812085,0.5364948231623765,1.8341896141342247,0.06662585257897836,0.1252855706104702
PE 20:4e,511.77461964469603,-0.537902763553534,0.7439739313991105,-0.723012918667673,0.46967194738123663,0.5877269214969544
PE 28:1e,71.37276396710219,1.2993303046668623,0.7306692600318886,1.77827421480706,0.07535882913408617,0.13869231319358413
PE 28:2e,155.3219617582357,1.8306451150983651,0.7664429484710766,2.3884949541909033,0.016917540634423186,0.04573022702742518
PE 29:1,377.4974370588982,2.037896613263985,0.8050762526141673,2.5313088128568197,0.011363774977475956,0.03374992396743932
PE 29:2,132.240378676466,1.3406430546095205,0.683117502115482,1.9625365335506848,0.049700051539292876,0.10085758259586707
PE 29:2e,184.12488780518558,2.478080941536095,0.7216714981529987,3.433807414978064,0.0005951668924737201,0.004124443277269926
PE 30:1,2420.573545268875,1.9535813255049046,0.8867937967041747,2.2029713477535737,0.027596768177371837,0.06585159854738383
PE 30:1e,660.5113059735764,0.40272847200367773,0.8962274428927883,0.44935967448594893,0.6531722162957507,0.7470994606225777
PE 30:2e,186.88775165458765,2.5834953417149626,0.8617598937161912,2.99792942390726,0.0027182061288281603,0.011830180133013124
PE 30:3e,113.65907404765089,1.0537547701921257,0.5125537174108042,2.0558913815223714,0.03979298703772643,0.0857842586607685
PE 31:2,419.5055636217624,1.6676523569176944,0.6422188254500139,2.596704255358976,0.009412292575432218,0.02885567287323384
PE 32:1e,454.63303439904837,0.013718566754959251,0.6026358030103567,0.022764274353482928,0.9818383055709191,0.9821984542716445
PE 32:3,192.710472212815,1.716360937820895,0.6143667521162814,2.7937073936840235,0.005210760409368149,0.018878775933417587
PE 32:3e,74.21894185122603,1.7199305633801856,0.8861959791539711,1.9408015877279874,0.05228234837043159,0.1046765500940554
PE 34:1,28085.826677383135,-0.05754910659479749,0.8509643024583965,-0.06762810899181174,0.9460816788778366,0.9674276322544652
PE 34:2e,4810.434844223271,-2.577057452144729,0.9035065836095466,-2.8522840883452965,0.004340628891574513,0.016149006413814854
PE 34:4,136.71307460379745,1.8753815111405414,0.5878404746804905,3.1902898693048813,0.0014213015762473947,0.007624346440024784
PE 36:1,3236.008621572542,-0.8060583329328236,0.5028747011537451,-1.6029009434825103,0.10895652536775764,0.18608593084940037
PE 36:5,219.51097102825202,0.9826561438536267,0.5258793036024288,1.8685963435376547,0.06167899486969963,0.11693661493104698
PE 36:6e,90.1104278542359,-0.030813478521649732,0.7110763209693769,-0.04333357420711628,0.9654356280026543,0.9738796713962634
PE 38:7e,215.89622134035727,2.013319787184801,0.5117866819922533,3.933904218350246,8.357709912431854e-05,0.0013144398316824644
PE 40:0_28:1,546.6151125304538,0.5091234464261444,0.6959459591657462,0.7315560062112406,0.46443960866327993,0.5822322630344017
PE 40:5,788.2171710936058,-0.9286871632862945,0.5427378919213931,-1.7111153967867792,0.08705981242533212,0.15487246837616922
PE 40:9e,151.19159973278008,1.0262267895626922,0.45032992222726115,2.278833226286931,0.022676980968142097,0.05624541516112663
PE 41:0_34:2,792.8636584533849,-0.9708741042975524,0.5817964358646165,-1.668752237807579,0.09516649185521976,0.16714520904520833
PE 43:0_24:5,514.4132615502216,-2.235564131702194,0.7595792553681888,-2.9431611196629572,0.0032487928878041235,0.013147161861757038
PE 44:0_32:6,145.11549635720618,1.4762649650326232,0.6257018495107564,2.3593744627523994,0.01830577336915007,0.04853484740019865
PE(14:0/P-18:1(11Z)),13417.67558775713,0.5831916968240095,0.9065702991618769,0.6432945104898864,0.5200330176129475,0.6313383301546661
PE(14:1(9Z)/14:0),1027.0852539370412,0.4314045629165707,0.6570991505141079,0.6565288702306858,0.5114838981771956,0.6253478048385501
PE(16:0/16:0),778.2195677028164,-0.2509862450500615,0.7141260783707453,-0.3514592908057331,0.725243808093217,0.8068628861744472
PE(16:1(9Z)/16:0),10791.332159067653,0.05035280127967042,0.8736824884997432,0.057632837950242634,0.9540410922339592,0.9674276322544652
PE(16:1(9Z)/P-18:1(9Z)),68622.22152453671,-2.1306033290860995,0.8460600559455508,-2.51826488452401,0.011793459158310333,0.03432581805465821
PE(17:1/18:0),612.1782712066658,0.9359579029995448,0.6882794083189157,1.3598516702476544,0.17387686751671227,0.266286764743937
PE(18:0/18:1(9Z)),2527.6859226539227,-1.607039611171963,0.747082765792024,-2.151086445513504,0.031469377159861416,0.07210863905504669
"PE(18:0/18:2(9Z,12Z))",1376.2928302832966,-0.7534247918378347,0.6880319520337178,-1.0950433182802422,0.27349765911300516,0.3902275878478342
"PE(18:0/20:4(5Z,8Z,11Z,14Z))",8183.212161604667,-0.37829392003552265,0.8644129136449455,-0.4376310372786789,0.6616537683088812,0.7543070966552649
PE(18:0/22:4),912.4140423020444,-0.9111984243457996,0.8957979696035384,-1.0171918839569116,0.30906215619720145,0.4277420241769268
"PE(18:0/22:5(4Z,7Z,10Z,13Z,16Z))",1322.5179081572867,-2.11076099571526,0.6687239112490212,-3.156401259486666,0.0015972895762420942,0.00843759073862236
PE(18:1(11Z)/18:1(11Z)),20280.263823615292,-0.8953640971094248,0.8574677665469965,-1.0441956328166548,0.29639488708072703,0.4143540643633598
PE(18:1(9Z)/P-18:1(9Z)),17628.17863271392,-0.8768484368740102,0.9225097212765414,-0.9505031943301947,0.34185663157697277,0.46113993967108213
"PE(18:2(9Z,12Z)/18:1(11Z))",11458.941653850048,-0.5905428378410272,0.7417936588549063,-0.7961012213998131,0.42597320430847996,0.5438624674934837
"PE(18:3(6Z,9Z,12Z)/18:1(9Z))",719.1213901530845,-0.9228971664688763,0.633102747376574,-1.4577367896335007,0.14491310724642648,0.23271255857142004
"PE(20:4(5Z,8Z,11Z,14Z)/P-18:0)",1493.9924133116524,1.343283998416256,0.6613076216471391,2.0312543730714876,0.04222919725115933,0.08936576299022096
"PE(22:4(7Z,10Z,13Z,16Z)/P-16:0)",20928.9132569008,-0.9143329567348266,1.0097651473886493,-0.9054907065265427,0.36520548111726037,0.48507138758760876
"PE(22:5(7Z,10Z,13Z,16Z,19Z)/18:1(11Z))",2469.0209317319413,0.8866667785697243,1.5395033644058183,0.5759433847758685,0.5646534496252692,0.6748535183776965
PE(22:6/0:0),568.460696271571,0.9367607058196711,0.41870338242038335,2.237289559030005,0.02526742117656449,0.06156709666965714
"PE(DiMe(9,3)/LTE4)",134.58161698338296,4.096312761438841,1.006336802478032,4.070518688526511,4.690857762968703e-05,0.0010471205070884976
PE(LTE4/20:0),196.2403503884957,-1.2485856717713064,0.35007255327954345,-3.5666482849750096,0.00036157624725657915,0.0031129906829407516
"PE(P-16:0/20:2(11Z,14Z))",13122.027108260969,-2.2116573074837302,0.9237850604067929,-2.3941254327168022,0.016660050251240673,0.04538879832227774
"PE(P-16:0/22:5(4Z,7Z,10Z,13Z,16Z))",10571.663516179837,-0.5497375419242958,1.2305527915952987,-0.4467403151486183,0.6550625696661775,0.7480252445692984
PE(P-16:0/LTE4),1228.0323527730336,1.4241269564596748,0.6578038496989925,2.1649720613695824,0.030389824910188185,0.07080726881431051
PE(P-18:0/16:0),7161.528084391083,-0.2424913558549914,0.8292968535242787,-0.2924059760078327,0.769976239606785,0.8404810565987034
PE(P-18:0/18:1(9Z)),1944.1805407804247,-1.0036529180332552,0.9359741727430937,-1.0723083470260861,0.2835815588824093,0.40130560070884913
"PE(P-18:0/22:5(4Z,7Z,10Z,13Z,16Z))",3047.364233902312,-0.9563538785273897,0.749943365276732,-1.2752348014632964,0.20222614680467144,0.3042184643235492
"PE(P-18:1(11Z)/22:5(7Z,10Z,13Z,16Z,19Z))",4727.694626811133,0.6271277351536446,0.8714452704091767,0.7196409877343006,0.4717460688820546,0.5892568225024942
PE(P-18:1(9Z)/PGF2alpha),187.4814585585523,-0.017839813176619312,0.5896865583980002,-0.03025304362555708,0.9758652451722628,0.9807632074149312
PE-NMe(14:0/16:0),8897.319560097874,0.6447925933874513,1.0800805835490013,0.5969856353391231,0.5505169711697047,0.6613849723080479
PG 14:0_16:0,1450.6036701790476,-1.0879010093968138,0.9535718240673895,-1.1408694992228832,0.2539242337236176,0.36760579442833347
PG 16:0_18:1,1567.8986724734373,1.919098839734467,0.8403698771418273,2.2836359226267042,0.022392936764539684,0.05574069151460957
PG 18:2_22:3,1128.6774114520294,2.3714830119780634,0.7074136662051917,3.3523285246940553,0.0008013486557512165,0.00508746119064075
PG 25:2,226.4329031354473,-1.371736904908897,0.7155388361357155,-1.9170684184201587,0.05522924019161012,0.10946552368324583
PG 31:0,1053.84713764673,-0.3533763200552256,0.7086069820122575,-0.4986915582622822,0.6179966925619773,0.7151399853727229
PG 33:1,1219.1500657670945,1.524440214298343,0.5858968041014113,2.6018920117449245,0.009271104016286964,0.028641089193172226
PG 36:3,139.83257589031726,0.11875802073464584,0.9785955453571051,0.1213555705399304,0.9034094062889003,0.9372703285635968
PG 37:2,843.3061811808213,-1.4032597271880862,1.2193181874638825,-1.1508560617034609,0.24979145651085843,0.36390671138002956
PG 7:0_25:0,587.8134261030888,1.16363107096286,0.5883604319284597,1.9777520849742476,0.04795668128477579,0.09901839477938737
PG(14:0/18:1),1309.8249976267539,0.06736361491973149,0.7561585636711244,0.08908662568427896,0.9290130662882262,0.9580879908665463
PG(16:0/0:0),4150.359062616987,1.5322399565160147,0.5478995996249436,2.796570681133708,0.005164811249868208,0.018878775933417587
PG(16:0/16:0),115.24599947945191,1.3894612995881297,0.5810885724113897,2.391135130780788,0.016796369590806142,0.0455807363013249
PG(16:1/0:0),388.9831624924025,0.23160926907498808,0.4620606634640262,0.5012529466123231,0.6161931158573433,0.7142472967726659
PG(16:1/18:1),783.282424272606,-0.2548178019949702,0.7953544282800539,-0.32038270352754705,0.7486782356852435,0.8246808039361487
PG(16:1/19:0),392.56774757391867,-1.2956239499963138,0.5547351862090755,-2.3355719669601114,0.019513561040883864,0.05114918272837741
PG(17:0/17:0),5863.030641313575,-0.7973856433824573,0.8592794752418309,-0.9279700799999272,0.3534230900563413,0.4730537298239617
PG(18:0/18:1(9Z)),6322.5481988898255,-1.9875405310973355,0.7818715776384296,-2.5420293919629575,0.011021090525273749,0.033159107145606236
PG(18:1(11Z)/LTE4),137.41727122181823,2.9062505834358574,0.7955572387028439,3.6531005464477944,0.00025909271740382183,0.0026760023946782794
PG(18:1/20:2),2027.3870983997429,0.04394309090185337,0.19632264701584828,0.22383098216022948,0.8228888212494982,0.8787639881244642
"PG(18:1_18:0) - [1-[[2,3-dihydroxypropoxy]-hydroxyphosphoryl]oxy-3-[octadec-11-enoyl]oxypropan-2-yl] octadecanoate",223.93848854223256,0.11328485963820939,0.35847015379295566,0.3160231289538269,0.7519849527221241,0.8246808039361487
PG(19:1/19:1),333.0162201028683,-0.06871709148370629,0.23669554828934256,-0.2903184786547181,0.7715726034056698,0.8404810565987034
"PG(LTE4/20:4(5Z,8Z,11Z,14Z))",184.2183463160535,0.11801215600942853,0.7184206708993597,0.16426609198437211,0.8695216737397767,0.9130637302396442
"PG(LTE4/22:6(4Z,7Z,10Z,13Z,16Z,19Z))",236.12660525660394,0.984340404327015,0.6273838413998326,1.5689604025037258,0.11665716593424412,0.19641547159731612
PG(PGE2/i-19:0),711.4688146547139,1.9805292797471075,0.7241338637577538,2.735031986309176,0.00623742146323153,0.02085166981911217
PG(PGE2/i-21:0),6093.24159368688,-1.8866608400644607,0.9081752247058517,-2.077419410637997,0.03776286620637489,0.08348850931249656
PG(a-13:0/i-20:0),223.8873084983827,2.61902002326061,0.7394741962491931,3.5417328103468186,0.0003975079012629009,0.0032343441683248013
PG(a-15:0/LTE4),190.71575040677854,2.8294052761330026,0.7169315858215662,3.9465485021010083,7.928586641543103e-05,0.00127594929208089
PG(a-15:0/PGF1alpha),997.2455046225853,0.9842323023849798,0.9569369109363739,1.0285237105358358,0.3037035433939287,0.4237154274770134
"PG(a-17:0/18:1(12Z)-2OH(9,10))",1685.828894104216,-1.8498633637617647,0.904705936228878,-2.0447123089217527,0.04088322939092632,0.08758883819975546
PG(a-21:0/5-iso PGF2VI),335.43251690207455,-1.0743454012883669,0.37018112708044926,-2.9022154904587714,0.0037053356139615068,0.014336477649315844
PG(a-25:0/5-iso PGF2VI),476.0080442863217,-1.3651199804917022,0.3904406314964228,-3.496357372591253,0.0004716565603496226,0.003626514886243765
PG(i-13:0/i-21:0),2758.458388353727,-1.2885169338582003,0.969104904870317,-1.3295948946111529,0.18365178115348824,0.2780897867794614
PGF1α,901.8181674411671,-0.10033620868186933,0.46393167751158765,-0.2162736746497834,0.8287744280589937,0.8836855226761535
PI 16:0_20:3;O,406.2273599535561,-1.2218096875599376,0.4071728391112928,-3.000715102281122,0.002693464408082152,0.011830180133013124
PI 16:1_22:3,78.13637041475148,3.664430562445719,0.6452273063280203,5.6792862399143385,1.3525796684817812e-08,3.1199504352979757e-06
PI 17:0_17:2,1690.877706013133,-0.6072451705432546,0.9415703541618932,-0.6449280904598714,0.518973787002181,0.6311596847197
PI 18:0_20:4,2603.558726582013,2.0840629709884957,0.5335337090165776,3.906150512645006,9.377811235758336e-05,0.001410748994596689
PI 18:0_22:4,515.982712563545,-1.391296835937777,0.3827680366491422,-3.6348302437099407,0.0002781637341175013,0.002787000944240948
PI 18:1_18:2,451.13469644727564,1.6885340057942162,0.6706121556685808,2.517899491563491,0.011805700429203259,0.03432581805465821
PI 20:2_18:3,769.8259896818096,2.261112147829851,0.6147399104922187,3.678160648491801,0.00023492198460489628,0.0026004830114468715
PI 20:3,176.13470225479497,0.23943924842996245,0.5770995885171473,0.4149010902003927,0.678214311717323,0.7668697773012869
PI 22:0_18:3,2165.825880482026,-1.3853547192825235,0.4081351298871929,-3.3943530410269522,0.0006879094944498473,0.004713201684745489
PI 24:0_16:3,265.4672787791442,-1.4569980540129988,0.30833564394536506,-4.725363682802656,2.2970388282533124e-06,0.0001222731437808686
PI 32:0,614.3484880654181,-1.1269663213534598,0.7848136944141059,-1.4359666878580455,0.15101182052644915,0.24023029840069612
PI 32:5,13.362920735101827,1.504723645991414,0.9112640641954188,1.6512487489781325,0.0986877926371409,0.17030412095985414
PI 32:7,816.4735317526626,3.1811087567159464,0.7891548699940706,4.031032282345096,5.5532414826886596e-05,0.0010979551731487291
PI 34:1,212.75366092781414,0.5941778432978441,0.7725978932202836,0.7690647987936354,0.44185484393734853,0.5600065055030132
PI 36:4,962.2122487866939,1.6470293269079752,0.8366026461727705,1.9687115913901139,0.0489862194626892,0.09999546863770184
PI 36:5,205.21168918980007,0.7981986135968214,0.5526702427943749,1.4442583511661893,0.14866631658630508,0.2375914343596377
PI 47:3,120.74927142783903,2.296612142032092,0.7183160556214951,3.1972167739520136,0.0013876060447080688,0.0075608140388817606
PI 7:0_13:0,5070.552364805791,1.933706136211988,0.6273131733479161,3.0825211686404823,0.0020525513129900927,0.009805145070134011
PI 7:0_18:4,84.27956991794056,3.1664544104104477,0.7116636525274113,4.449369304115873,8.612281846855465e-06,0.0003090211427911389
PI(16:0/0:0),346.19190593032886,1.406638208174114,0.8997910489218179,1.5632942891125998,0.11798339095041492,0.19816627800409498
PI(16:1(9Z)/18:0),729.9939581738591,-0.9871937672675214,0.6471392235962556,-1.525473547688129,0.12714102647684616,0.21154516277111363
PI(16:1(9Z)/18:1(11Z)),2473.7954301941127,0.447400673482085,0.9410700936828801,0.47541694979508,0.6344898156005903,0.7281375661618714
PI(18:1/0:0),754.9262959302415,0.9926732184591264,0.5184436402975684,1.9147177075783335,0.05552851408787807,0.10946552368324583
PI(20:0/20:4),208.4228518141415,-0.4845620657771273,0.5423495378280554,-0.8934497625233547,0.3716163639238038,0.4868391526824312
PI(20:1/0:0),126.2556838846942,0.2904321143397621,0.5709219913465513,0.5087071767103625,0.6109574911981502,0.7093667515253691
PI(20:2/0:0),48.04085832281014,2.3648590671016394,0.8091204117006099,2.922752946166785,0.003469516843623985,0.013798308366596538
PI(22:4/0:0),257.42463648540075,1.1077526726038933,0.633830981292043,1.7477098868625467,0.08051427594299093,0.1450934347722649
"PIP(16:2(9Z,12Z)/18:0)",64.47982574901269,4.110057513279634,1.1078900942949308,3.7098061752193066,0.0002074179810623307,0.002393445207717489
PIP2(18:0/16:0),158.3031858924892,-0.8201750062449393,0.5708672233462786,-1.4367176336334075,0.15079824239587808,0.24023029840069612
PIP2(18:1(11Z)/16:1(9Z)),314.75721501180465,1.259945242216896,0.6207514334948467,2.0297097585798096,0.04238605038059713,0.08942422824199152
PIP3(16:0/16:0),1246.6958334912329,1.1956142469579325,0.729749757878324,1.6383893712196136,0.10134049494562426,0.17401395161878905
"PIP3(18:2(9Z,12Z)/20:1(11Z))",306.05350137260086,-1.2456574684430257,0.6011495686064445,-2.072125696323209,0.03825372050963827,0.08377080567300532
PS 21:1_18:2,12639.795285713657,-2.5940420794311563,0.812323918225765,-3.19335922681795,0.0014062788547626593,0.007602695058560627
PS 36:4,1681.1988502130184,0.04576633149433575,0.8726251017120115,0.05244672815914458,0.9581727416384747,0.9693794403710884
PS 36:5,312.9134882915985,-1.1454176047696514,1.4020697149174426,-0.8169476828312324,0.4139583266005854,0.5334435046696556
"PS(14:0/18:3(9Z,12Z,15Z))",55.295784940382376,-0.277200345407073,1.171142378266542,-0.23669226778162453,0.8128955339553103,0.8707797360635833
"PS(14:0/20:3(5Z,8Z,11Z))",521.9132540497544,0.3861812104548418,0.9059670331343629,0.42626408724694476,0.6699154234249216,0.7587258150737246
PS(15:0/20:1(11Z)),411.9939178174034,-1.1054859952753866,0.7249888418361947,-1.5248317373761209,0.12730107166070342,0.21154516277111363
"PS(16:0/18:1(12Z)-2OH(9,10))",619.5065932399791,0.10565746520818826,1.8659800990450859,0.05662303968957568,0.9548454809679187,0.9674276322544652
PS(16:1(9Z)/14:0),146.99749766487417,0.7581178228325554,0.456826006546967,1.6595329774742413,0.09700844115769013,0.16824521624341246
PS(16:1(9Z)/18:1(11Z)),404.85260551767885,-0.24221045652632092,0.6424685993529877,-0.376999680249345,0.7061738425364242,0.7907318754614977
PS(18:0/18:2),16947.263041525974,-1.991305621226991,0.8499024756241564,-2.3429813164911706,0.01913034105276395,0.05033534603997207
"PS(18:0/22:6(4Z,7Z,10Z,13Z,16Z,19Z))",1260.1612264861305,-1.32979569569823,0.6954581848741647,-1.912114523375466,0.05586150641610714,0.10946552368324583
PS(18:1(11Z)/18:0),1840.3309351967514,-1.0270872970569112,0.8499501843162329,-1.2084088173746104,0.22689004987049788,0.33620538439054504
"PS(18:1(12Z)-2OH(9,10)/18:0)",485.77140776145825,0.37332750748742843,0.9729398504380785,0.38371077854333235,0.7011928229329669,0.7887549344063224
PS(18:1/18:2),976.1886022000505,1.2117858821342375,0.631059810674965,1.9202393523335661,0.054827673013142925,0.1093393363835588
"PS(18:2(9Z,12Z)/20:3(8Z,11Z,14Z))",680.2518059302208,-0.4983266871395816,0.6684697895190949,-0.7454737595517724,0.4559853685326578,0.5747575137060095
"PS(20:3(5Z,8Z,11Z)/22:4(7Z,10Z,13Z,16Z))",712.6446544841831,-1.1801834642779359,0.3935261837769827,-2.9989960336330856,0.002708708329948511,0.011830180133013124
"PS(20:4(8Z,11Z,14Z,17Z)/20:2(11Z,14Z))",904.0793523305676,1.729951179611741,0.9671127126003837,1.7887792778157454,0.07365036947467041,0.1366382189717746
"PS(20:5(5Z,8Z,11Z,14Z,17Z)/22:2(13Z,16Z))",254.44622886309017,1.6197296073420258,0.6125387483077234,2.6442892173219974,0.008186267529865744,0.026348358747288813
"PS(20:5(7Z,9Z,11E,13E,17Z)-3OH(5,6,15)/15:0)",316.2703003905325,2.584188129320565,0.7767460768072296,3.3269406907630903,0.0008780505955139216,0.005425098322282444
"PS(22:0/20:4(6Z,8E,10E,14Z)-2OH(5S,12R))",478.0520310980366,0.06166004472345673,0.4758146618850036,0.12958836635925045,0.8968921079296045,0.9347128594688047
PS(22:0/PGE1),1305.6339887443705,-1.3956136971068245,0.4047454273403151,-3.4481271506333155,0.0005644882317304849,0.0041118511195525845
PS(22:0/PGJ2),593.119901443124,-3.496724713040777,0.6306981767490829,-5.544212496482156,2.9528006672399073e-08,5.1083451543250395e-06
"PS(22:2(13Z,16Z)/20:5(5Z,8Z,11Z,14Z,16E)-OH(18R))",168.9114117469425,-0.8099406590454434,0.7111272628152421,-1.1389531823586885,0.25472268191535175,0.367991849447648
"PS(22:4(7Z,10Z,13Z,16Z)/20:2(11Z,14Z))",2767.490974794565,-1.714625349859538,0.7719696640858515,-2.2211045713693394,0.02634387949513831,0.06312536237374769
"PS(22:4(7Z,10Z,13Z,16Z)/20:4(5Z,8Z,11Z,14Z))",538.1083620516221,2.5433884208506536,1.2915775952313464,1.9692107003413015,0.048928900638409864,0.09999546863770184
"PS(22:6(5Z,8E,10Z,13Z,15E,19Z)-2OH(7S, 17S)/22:6(4Z,7Z,10Z,13Z,16Z,19Z))",166.9582025832787,2.5792960452225455,0.7499332779765575,3.439367369030359,0.0005830754104099997,0.004117226367384895
PS(PGD1/18:0),200.01652313663263,1.3833346552232884,0.6875836969686581,2.011878206714294,0.04423277723497563,0.09219602965844319
"PS(PGF1alpha/20:3(5Z,8Z,11Z))",416.34396375858216,2.6648377325680723,0.9182906706288237,2.9019544876169268,0.0037084241318317,0.014336477649315844
PS(PGJ2/14:1(9Z)),650.2382314746553,1.6058851129624496,0.4639958600274422,3.4609901753594796,0.0005381924530109713,0.004004614811651529
Palmitoyl Ethanolamide,917.6529876372539,0.10124500968214714,0.6145600791266356,0.16474387634489468,0.8691455804606967,0.9130637302396442
Petanin,1715.263201031218,3.0140248080797583,0.8049141144434432,3.744529700741801,0.00018073199736359325,0.0023160470773260465
Phenyl sulfate,1367.6496061323508,-2.206338851156195,0.7638665010669007,-2.888382784262142,0.003872283222219345,0.014723186757009817
Phenyllactic acid,892.589343238993,1.4110325140697395,1.0167506758052103,1.3877861580492976,0.16520217100847046,0.2586423129815872
Phosphocholine,4450.513283206347,-1.7842638756930795,0.6478867696902595,-2.753974859752264,0.005887629055089346,0.020473564352370993
Phytyl diphosphate,1211.7194251855535,0.04351462057889898,0.6860204078362303,0.06343050451829559,0.9494236970592778,0.9674276322544652
PnC(16:0/18:1(9Z)),3443.694335253106,-0.48078510036434935,0.45448312593022244,-1.0578722793729531,0.2901136746626949,0.4080460627369611
Polidocanol,120.56512583113218,-0.6568616645189654,0.3255750906233968,-2.017542752614261,0.04363890417657577,0.09133971940823278
Pomiferin,133.0722180968237,2.610841676801012,0.5977394811259127,4.367858840247902,1.2547054115722195e-05,0.00039466188400362544
Potassium acetate,37122.46504135954,-1.3595941623074232,0.5542369177685216,-2.4530920238612848,0.01416341000777974,0.04000440704238196
Proanthocyanidin A2,263.16138900820886,-0.9493180323293958,0.34512233695505334,-2.750671082912345,0.005947332657377881,0.020520131914890143
Propylparaben,429.65113887246923,-0.8637011762392907,0.3554087958175224,-2.430162636387708,0.015092048925756421,0.04228217755717994
Prostaglandin E2,392.2286536709479,-0.10469021681581589,0.5072014925221492,-0.20640754879333115,0.8364725747075544,0.8891536431607184
Protoporphyrin IX,1057.9515337190305,0.5439224255788039,0.866175226708526,0.6279588803823382,0.5300308773668443,0.6393331930915793
Psychosine,574.7192863346409,-1.260681391493572,0.35110689200197565,-3.5905914130745065,0.0003299284907699898,0.002964333993686887
Pyroglutamic acid,1948.9603775331393,0.16735144588347511,0.52528668633467,0.31859068626165854,0.7500369169928407,0.8246808039361487
Quercetin-3-O-rhamnoside,466.83987542002706,-0.9038239884186133,0.33130193483166415,-2.728097524929488,0.006370077189678286,0.021188580061263493
SM 12:0;2O/22:2,3868.0641362733645,0.32374081268577315,0.8126537315102336,0.3983748552832386,0.6903538899368515,0.778053569765963
SM 17:1;2O/16:0,1357.9039152165865,-1.3446157614107046,0.6537540440718987,-2.056760908178529,0.03970923008940718,0.0857842586607685
SM 17:1;2O/17:0,19266.886878302175,-0.55070693368677,0.6312425125369745,-0.8724173716904291,0.38298072699166785,0.49910106041098706
SM 18:1;2O/14:0,2204.7481944113174,-1.3121519606019199,0.6188121540788876,-2.1204366332382087,0.033969240086013,0.07677673797629596
SM 23:0;2O/9:0,586.230843415907,-1.3247539667424648,0.6535541932536586,-2.0269994140000858,0.04266247260454454,0.08973383295545538
SM 28:0;2O/6:0,2249.85639342995,-0.7996404515070062,0.8314171043123302,-0.9617801310070394,0.33616006071188886,0.45523045403645224
SM 34:1;3O,592.2821613324074,-0.6009906968015474,0.6213751784439852,-0.9671945672283151,0.33344677755235064,0.45363347385558633
SM 9:0;2O/13:0,289.8911150418556,-0.3934902979392253,0.6882370872804373,-0.5717365501096413,0.5675004686846252,0.6759004845812768
SM 9:0;2O/22:1,109.14991650395498,0.801261775962972,0.6584603075123666,1.2168717944291931,0.22365299862789112,0.3321199035418469
SM(d18:0/16:1(9Z)(OH)),105.36531407684224,0.6687364027702212,0.6875906302790875,0.9725792838375159,0.330762442794585,0.45234705615385934
SQDG 12:0_20:5,295.81997550801077,1.533770947972766,0.3961270665606155,3.8719165577090595,0.00010798292158808781,0.0015430634019424014
SQDG 18:0_16:1,1709.3523199914362,-0.3535698597147606,1.1033149672675937,-0.3204614006011278,0.7486185865607142,0.8246808039361487
SQDG 29:4,330.6997808662586,4.343510374260389,0.9273792193599502,4.683639964736488,2.8182485508236867e-06,0.00013930199979785652
SQDG 31:5,298.2636351570099,0.7727411635282401,0.539235714760613,1.433030384256519,0.15184915432397245,0.2410082908077728
ST 24:1;O4;G,122.6716377034465,0.7113231790046772,0.4796168370301848,1.4831071890829177,0.1380459342738306,0.2253013832959688
Saccharin,241.1351435279841,-3.185461949798781,0.9277810015353047,-3.433420111564512,0.0005960178146343824,0.004124443277269926
Scolymoside,38.99065169149879,0.3912648427360282,0.4636979873832724,0.843792410969914,0.39878541701464865,0.5167781059440765
Sophoranone,7248.975794772809,-0.9071698136379367,0.41303555202574616,-2.196348012147364,0.028067043680483524,0.0661455894022425
Soyasaponin Bb,2577.4791365435754,-0.27421148651832605,1.1502876664659338,-0.23838514009351672,0.811582391749019,0.870720953628405
Spermidine,536.9659543634959,1.8224528214865063,0.9219786496305811,1.9766757312837209,0.04807829573103201,0.09901839477938737
Sphinganine,1037.3848004803199,-1.0619816128454562,0.3234594424919362,-3.2831986745043973,0.001026363040585512,0.005968430454497262
Sphingosine-1-phosphate,319.9359851961699,0.3155289722294256,0.5697168641445288,0.5538347064786564,0.5796919736575854,0.6868952838545361
Styrene,700.4797161200264,-0.15511451606024002,0.3609755512302319,-0.4297092019988557,0.6674071887899016,0.7575048997228445
Styrene oxide,496.4681326103561,1.4245077565582667,0.43156691368447186,3.3007807396462185,0.0009641619913365282,0.005777377960018964
Sugeonyl acetate,529.9609962067633,-1.0096981367081528,0.3505319284630931,-2.880474087296907,0.003970775912793057,0.015015174489905983
Sulfolithocholylglycine,135.58928829544374,1.7511905737056492,0.6442813190998613,2.7180526918773213,0.006566737957003808,0.02143482389738979
TG(10:0/10:0/i-13:0),420.2150954176179,-0.32796324489882683,0.501859323669874,-0.6534963672699702,0.5134363306192333,0.6266277615317627
TG(18:0/24:0/O-18:0),372.0702737530017,2.7831983461084726,0.6945453493651679,4.007223356476848,6.143675755781513e-05,0.0011717083056364385
TG(22:1(13Z)/20:2n6/O-18:0),1361.1276771842513,1.1227554103536523,0.7486501293143905,1.4997064267949374,0.13369046507417978,0.21922701855765975
"TG(22:1(13Z)/22:2(13Z,16Z)/O-18:0)",831.7342979624684,-0.535579611094205,0.6811415629811159,-0.786297063932147,0.4316934721794017,0.5501507969579116
"TG(22:2(13Z,16Z)/22:2(13Z,16Z)/O-18:0)",1960.9963410366042,0.0939590926733599,0.7046116294468513,0.13334876795479744,0.8939175607011592,0.9330180271571678
"TG(24:1(15Z)/18:2(9Z,12Z)/O-18:0)",560.2800685704694,2.7265125533219936,0.8909609422680065,3.0601931285354165,0.002211943064953275,0.010484004116079906
"TG(24:1(15Z)/20:4(8Z,11Z,14Z,17Z)/O-18:0)",611.6757807407915,1.4008885981122632,0.7685835413129657,1.822688781129941,0.0683505404318015,0.12783398372650442
TG(a-25:0/i-12:0/8:0)[rac],464.92277251367415,2.0096784922195106,0.6109374756197661,3.289499453574673,0.0010036575143921166,0.005885855931858854
TXB2,722.843138776343,-0.6672045674102202,0.6198854032941399,-1.076335341765786,0.2817773081219316,0.39956946151716527
Taurine,18933.886143206873,-1.1204261571604213,0.48801415077804433,-2.295888665060466,0.02168224801425144,0.05436273777486231
Taurolithocholic acid 3-sulfate,362.56170095665766,0.46140771878770664,0.9011865054636293,0.5120002529890617,0.6086508325076394,0.709067973224388
"Taxa-4(20),11(12)-dien-5α,13α-diol",671.7062416163768,-0.4441013954405778,0.32557382821312575,-1.3640574178765439,0.17254949523451957,0.26534277933841677
Terephthalic acid,591.6464647295136,-0.8973191616039171,0.35695211833660434,-2.513836213622772,0.011942588294510253,0.03457854016653178
Ternatin,349.9250872608342,-0.3849171087306907,0.7317771220838828,-0.5260032011311883,0.5988859828256211,0.7036147709937688
Tetradecanoic acid,924.3104508302062,0.8624061164579461,0.5658366761974636,1.5241255166658494,0.12747735964675488,0.21154516277111363
Tetrahydro-11-deoxycortisol,185.43211388814694,-0.3517445368331143,0.5250554635046017,-0.6699188205476724,0.5029095414106068,0.6192409299931316
Tetrandrine,625.6838680313448,-2.436974472661354,0.9596553612452516,-2.539426726589771,0.011103430111729155,0.03326222353816699
Thromboxane A2,356.97282900816435,-0.041583467633647515,0.6823051497039672,-0.06094555735317167,0.9514025673334442,0.9674276322544652
Thyrotropin releasing hormone,1440.1189868096412,-1.6956301579008957,0.8035611177939604,-2.110144605498034,0.03484590220454544,0.07778504621143692
Tomatine,341.5282034231632,1.9638913298800662,0.7027204187966535,2.794697972833999,0.005194822278911877,0.018878775933417587
Traumatic acid,269.93776852778325,0.5043130463993261,0.39605754622862205,1.2733327548017837,0.20289998832043965,0.30457004754391376
Traumatin,376.2998714473303,-2.5461812244717024,0.5962708633348444,-4.270175487414112,1.9531922302536074e-05,0.0005562573549513228
Trehalose,3015.8679331412195,-0.5580122431491266,0.6338291845591567,-0.88038269101988,0.3786520300437737,0.4943909524345121
Trinexapac-ethyl,1156.7701800684906,-0.9239876141117149,0.4408538238650596,-2.095904728716921,0.036090643163016745,0.08004719573335765
Trioxilin A3,1296.7807501666352,-0.03032420439286644,0.32578080827051187,-0.09308161691245716,0.9258387216025996,0.9576687523901329
Trypanothione disulfide,2086.477649225663,-0.8810655564089213,0.9151205223457513,-0.9627863597140888,0.33565474733258205,0.45523045403645224
Tyrosine,1130.0886130906017,1.856975929121451,0.6784675740410808,2.7370150028850344,0.0061999465429771975,0.02085166981911217
Ubiquinone-1,734.0986830720979,-1.0838966866963784,0.3501922026673345,-3.095147974285503,0.0019671472952948986,0.009609250138055702
Uridine,1486.3326537646556,0.16615917223165744,0.4500441144813019,0.36920641084966555,0.711973877764948,0.7951077686670365
Uridine 5'-monophosphate,2119.9244621538337,-0.49592245086253534,0.5225325090165539,-0.9490748275086258,0.3425825560981959,0.46122009498045047
Uridine diphosphate-N-acetylglucosamine,1538.4313945541583,-0.42579683452185263,0.5342686816271617,-0.7969713538608539,0.4254676684052118,0.5438624674934837
[2.3-dihydroxypropoxy][2-[octadeca-9.12-dienoyloxy]-3-(octadecanoyloxy)propoxy]phosphinic acid,630.5892514398307,0.0854062927299955,0.4074883528659217,0.2095919849716471,0.8339861357710132,0.8878744706977556
[6]-Gingerdione,3525.679158139378,-1.3548135552705904,0.5812560314780998,-2.33083784408289,0.019761911770058378,0.05160469035803924
[8]-Shogaol,827.5688822575137,-0.9034935827723591,0.5190111725951407,-1.7407979451670441,0.08171900229510644,0.14688194698237314
alpha-Methylstyrene,3759.8531009083636,-1.205269569478961,0.3381199446814418,-3.5646213375981133,0.00036438185739624406,0.0031129906829407516
"cis-9,10-Epoxystearic acid",15459.995345245916,2.6056021537888623,0.6176854087060313,4.2183320458342255,2.4611619783414365e-05,0.000631603770230525
d-Tryptophan,1513.5749132967705,1.647315952193273,0.691276462154103,2.383005993087097,0.017171914770093964,0.04623721798017519
dexpanthenol,507.0257785699143,-6.679020416409677,1.1039222562404474,-6.0502633936885735,1.4460920533144852e-09,5.003478504468119e-07
epsilon-Tocopherol,416.2121860935099,-1.1147144417567085,0.3649598024254389,-3.05434854564413,0.002255498676654411,0.010545980298951707
ergostan-3β-ol,62379.41694144588,-1.250209327047289,0.3747604895377479,-3.3360222380682982,0.0008498636529230731,0.005298249079484384
gypsogenin,191.84559690682266,-0.9376249726475243,0.37712206528282727,-2.4862638889727684,0.012909220070529444,0.03691396813556353
m-Cresol,595.5895831193393,2.1937322699389656,0.6370801560933179,3.443416419358121,0.0005744141122406953,0.004117226367384895
m-Salicylic acid,474.2475066798802,-0.85509871282639,0.47879483681264473,-1.7859397117120441,0.07410902018560539,0.1371215025894089
m-Tolual acid,714.1436643973478,1.1515980986326086,0.48426637680129747,2.378026131484095,0.017405592393385017,0.04668476719466059
n-Butyl acetate,257.0489671472014,-1.2378130013052033,0.367153835476553,-3.371374289740334,0.0007479416488186039,0.004976687719853861
previtamin D3 / precholecalciferol / (6Z)-tacalciol,1515.1266800390752,0.2723697635617807,0.41363774901165257,0.6584741460676207,0.5102335047710338,0.6249231598257617
"stigmasta-7,22E-dien-3β-ol",148.733160576084,1.343508107750191,0.3745187521084183,3.587291958511233,0.0003341301322363832,0.002964333993686887
trans-Cinnamic acid,3384.330749640479,1.9148033349132423,0.5062848377515904,3.7820673109960765,0.00015553128955248283,0.0020697625455830407
"tritriacontane-16,18-dione",55.29294716598575,-1.4109558277058416,0.38932657910647894,-3.6240932508231136,0.00028997697685743967,0.002787000944240948
tuberculosinol,146.50037576858415,1.9664627505430003,0.6515174326698876,3.018281095694599,0.0025421298582792894,0.011349379754382376
α-ESA,2544.3993209152068,2.9203269481834675,0.6447916212753115,4.529101886292275,5.923493194195432e-06,0.00024112101708136699
α-MANGOSTIN,1888.556495353959,-1.2033229435863189,0.36680049917172025,-3.2805924373155633,0.0010358931382213863,0.005973650430409995
β-Amyrin,1732.1735433741044,1.975753862565258,0.629113437766483,3.140536736235837,0.0016863855592721812,0.008840748538002647
